batch_id,batch_type,full_name,gender,email,phone_number,zone_name,division_name,unit_name
201000,Mehram,,Male,,,,,
201001,Mehram,,Male,,,,,
201002,Mehram,,Male,,,,,
201003,Mehram,,Male,,,,,
201004,Mehram,,Male,,,,,
201005,Mehram,,Male,,,,,
201006,Mehram,,Male,,,,,
201007,Mehram,,Male,,,,,
201008,Mehram,,Male,,,,,
201009,Mehram,,Male,,,,,
201010,Mehram,,Male,,,,,
201011,Mehram,,Male,,,,,
201012,Mehram,,Male,,,,,
201013,Mehram,,Male,,,,,
201014,Mehram,,Male,,,,,
201015,Mehram,,Male,,,,,
201016,Mehram,,Male,,,,,
201017,Mehram,,Male,,,,,
201018,Mehram,,Male,,,,,
201019,Mehram,,Male,,,,,
201020,Mehram,,Male,,,,,
201021,Mehram,,Male,,,,,
201022,Mehram,,Male,,,,,
201023,Mehram,,Male,,,,,
201024,Mehram,,Male,,,,,
201025,Mehram,,Male,,,,,
201026,Mehram,,Male,,,,,
201027,Mehram,,Male,,,,,
201028,Mehram,,Male,,,,,
201029,Mehram,,Male,,,,,
201030,Mehram,,Male,,,,,
201031,Mehram,,Male,,,,,
201032,Mehram,,Male,,,,,
201033,Mehram,,Male,,,,,
201034,Mehram,,Male,,,,,
201035,Mehram,,Male,,,,,
201036,Mehram,,Male,,,,,
201037,Mehram,,Male,,,,,
201038,Mehram,,Male,,,,,
201039,Mehram,,Male,,,,,
201040,Mehram,,Male,,,,,
201041,Mehram,,Male,,,,,
201042,Mehram,,Male,,,,,
201043,Mehram,,Male,,,,,
201044,Mehram,,Male,,,,,
201045,Mehram,,Male,,,,,
201046,Mehram,,Male,,,,,
201047,Mehram,,Male,,,,,
201048,Mehram,,Male,,,,,
201049,Mehram,,Male,,,,,
201050,Mehram,,Male,,,,,
201051,Mehram,,Male,,,,,
201052,Mehram,,Male,,,,,
201053,Mehram,,Male,,,,,
201054,Mehram,,Male,,,,,
201055,Mehram,,Male,,,,,
201056,Mehram,,Male,,,,,
201057,Mehram,,Male,,,,,
201058,Mehram,,Male,,,,,
201059,Mehram,,Male,,,,,
201060,Mehram,,Male,,,,,
201061,Mehram,,Male,,,,,
201062,Mehram,,Male,,,,,
201063,Mehram,,Male,,,,,
201064,Mehram,,Male,,,,,
201065,Mehram,,Male,,,,,
201066,Mehram,,Male,,,,,
201067,Mehram,,Male,,,,,
201068,Mehram,,Male,,,,,
201069,Mehram,,Male,,,,,
201070,Mehram,,Male,,,,,
201071,Mehram,,Male,,,,,
201072,Mehram,,Male,,,,,
201073,Mehram,,Male,,,,,
201074,Mehram,,Male,,,,,
201075,Mehram,,Male,,,,,
201076,Mehram,,Male,,,,,
201077,Mehram,,Male,,,,,
201078,Mehram,,Male,,,,,
201079,Mehram,,Male,,,,,
201080,Mehram,,Male,,,,,
201081,Mehram,,Male,,,,,
201082,Mehram,,Male,,,,,
201083,Mehram,,Male,,,,,
201084,Mehram,,Male,,,,,
201085,Mehram,,Male,,,,,
201086,Mehram,,Male,,,,,
201087,Mehram,,Male,,,,,
201088,Mehram,,Male,,,,,
201089,Mehram,,Male,,,,,
201090,Mehram,,Male,,,,,
201091,Mehram,,Male,,,,,
201092,Mehram,,Male,,,,,
201093,Mehram,,Male,,,,,
201094,Mehram,,Male,,,,,
201095,Mehram,,Male,,,,,
201096,Mehram,,Male,,,,,
201097,Mehram,,Male,,,,,
201098,Mehram,,Male,,,,,
201099,Mehram,,Male,,,,,
201100,Mehram,,Male,,,,,
201101,Mehram,,Male,,,,,
201102,Mehram,,Male,,,,,
201103,Mehram,,Male,,,,,
201104,Mehram,,Male,,,,,
201105,Mehram,,Male,,,,,
201106,Mehram,,Male,,,,,
201107,Mehram,,Male,,,,,
201108,Mehram,,Male,,,,,
201109,Mehram,,Male,,,,,
201110,Mehram,,Male,,,,,
201111,Mehram,,Male,,,,,
201112,Mehram,,Male,,,,,
201113,Mehram,,Male,,,,,
201114,Mehram,,Male,,,,,
201115,Mehram,,Male,,,,,
201116,Mehram,,Male,,,,,
201117,Mehram,,Male,,,,,
201118,Mehram,,Male,,,,,
201119,Mehram,,Male,,,,,
201120,Mehram,,Male,,,,,
201121,Mehram,,Male,,,,,
201122,Mehram,,Male,,,,,
201123,Mehram,,Male,,,,,
201124,Mehram,,Male,,,,,
201125,Mehram,,Male,,,,,
201126,Mehram,,Male,,,,,
201127,Mehram,,Male,,,,,
201128,Mehram,,Male,,,,,
201129,Mehram,,Male,,,,,
201130,Mehram,,Male,,,,,
201131,Mehram,,Male,,,,,
201132,Mehram,,Male,,,,,
201133,Mehram,,Male,,,,,
201134,Mehram,,Male,,,,,
201135,Mehram,,Male,,,,,
201136,Mehram,,Male,,,,,
201137,Mehram,,Male,,,,,
201138,Mehram,,Male,,,,,
201139,Mehram,,Male,,,,,
201140,Mehram,,Male,,,,,
201141,Mehram,,Male,,,,,
201142,Mehram,,Male,,,,,
201143,Mehram,,Male,,,,,
201144,Mehram,,Male,,,,,
201145,Mehram,,Male,,,,,
201146,Mehram,,Male,,,,,
201147,Mehram,,Male,,,,,
201148,Mehram,,Male,,,,,
201149,Mehram,,Male,,,,,
201150,Mehram,,Male,,,,,
201151,Mehram,,Male,,,,,
201152,Mehram,,Male,,,,,
201153,Mehram,,Male,,,,,
201154,Mehram,,Male,,,,,
201155,Mehram,,Male,,,,,
201156,Mehram,,Male,,,,,
201157,Mehram,,Male,,,,,
201158,Mehram,,Male,,,,,
201159,Mehram,,Male,,,,,
201160,Mehram,,Male,,,,,
201161,Mehram,,Male,,,,,
201162,Mehram,,Male,,,,,
201163,Mehram,,Male,,,,,
201164,Mehram,,Male,,,,,
201165,Mehram,,Male,,,,,
201166,Mehram,,Male,,,,,
201167,Mehram,,Male,,,,,
201168,Mehram,,Male,,,,,
201169,Mehram,,Male,,,,,
201170,Mehram,,Male,,,,,
201171,Mehram,,Male,,,,,
201172,Mehram,,Male,,,,,
201173,Mehram,,Male,,,,,
201174,Mehram,,Male,,,,,
201175,Mehram,,Male,,,,,
201176,Mehram,,Male,,,,,
201177,Mehram,,Male,,,,,
201178,Mehram,,Male,,,,,
201179,Mehram,,Male,,,,,
201180,Mehram,,Male,,,,,
201181,Mehram,,Male,,,,,
201182,Mehram,,Male,,,,,
201183,Mehram,,Male,,,,,
201184,Mehram,,Male,,,,,
201185,Mehram,,Male,,,,,
201186,Mehram,,Male,,,,,
201187,Mehram,,Male,,,,,
201188,Mehram,,Male,,,,,
201189,Mehram,,Male,,,,,
201190,Mehram,,Male,,,,,
201191,Mehram,,Male,,,,,
201192,Mehram,,Male,,,,,
201193,Mehram,,Male,,,,,
201194,Mehram,,Male,,,,,
201195,Mehram,,Male,,,,,
201196,Mehram,,Male,,,,,
201197,Mehram,,Male,,,,,
201198,Mehram,,Male,,,,,
201199,Mehram,,Male,,,,,
201200,Mehram,,Male,,,,,
201201,Mehram,,Male,,,,,
201202,Mehram,,Male,,,,,
201203,Mehram,,Male,,,,,
201204,Mehram,,Male,,,,,
201205,Mehram,,Male,,,,,
201206,Mehram,,Male,,,,,
201207,Mehram,,Male,,,,,
201208,Mehram,,Male,,,,,
201209,Mehram,,Male,,,,,
201210,Mehram,,Male,,,,,
201211,Mehram,,Male,,,,,
201212,Mehram,,Male,,,,,
201213,Mehram,,Male,,,,,
201214,Mehram,,Male,,,,,
201215,Mehram,,Male,,,,,
201216,Mehram,,Male,,,,,
201217,Mehram,,Male,,,,,
201218,Mehram,,Male,,,,,
201219,Mehram,,Male,,,,,
201220,Mehram,,Male,,,,,
201221,Mehram,,Male,,,,,
201222,Mehram,,Male,,,,,
201223,Mehram,,Male,,,,,
201224,Mehram,,Male,,,,,
201225,Mehram,,Male,,,,,
201226,Mehram,,Male,,,,,
201227,Mehram,,Male,,,,,
201228,Mehram,,Male,,,,,
201229,Mehram,,Male,,,,,
201230,Mehram,,Male,,,,,
201231,Mehram,,Male,,,,,
201232,Mehram,,Male,,,,,
201233,Mehram,,Male,,,,,
201234,Mehram,,Male,,,,,
201235,Mehram,,Male,,,,,
201236,Mehram,,Male,,,,,
201237,Mehram,,Male,,,,,
201238,Mehram,,Male,,,,,
201239,Mehram,,Male,,,,,
201240,Mehram,,Male,,,,,
201241,Mehram,,Male,,,,,
201242,Mehram,,Male,,,,,
201243,Mehram,,Male,,,,,
201244,Mehram,,Male,,,,,
201245,Mehram,,Male,,,,,
201246,Mehram,,Male,,,,,
201247,Mehram,,Male,,,,,
201248,Mehram,,Male,,,,,
201249,Mehram,,Male,,,,,
201250,Mehram,,Male,,,,,
201251,Mehram,,Male,,,,,
201252,Mehram,,Male,,,,,
201253,Mehram,,Male,,,,,
201254,Mehram,,Male,,,,,
201255,Mehram,,Male,,,,,
201256,Mehram,,Male,,,,,
201257,Mehram,,Male,,,,,
201258,Mehram,,Male,,,,,
201259,Mehram,,Male,,,,,
201260,Mehram,,Male,,,,,
201261,Mehram,,Male,,,,,
201262,Mehram,,Male,,,,,
201263,Mehram,,Male,,,,,
201264,Mehram,,Male,,,,,
201265,Mehram,,Male,,,,,
201266,Mehram,,Male,,,,,
201267,Mehram,,Male,,,,,
201268,Mehram,,Male,,,,,
201269,Mehram,,Male,,,,,
201270,Mehram,,Male,,,,,
201271,Mehram,,Male,,,,,
201272,Mehram,,Male,,,,,
201273,Mehram,,Male,,,,,
201274,Mehram,,Male,,,,,
201275,Mehram,,Male,,,,,
201276,Mehram,,Male,,,,,
201277,Mehram,,Male,,,,,
201278,Mehram,,Male,,,,,
201279,Mehram,,Male,,,,,
201280,Mehram,,Male,,,,,
201281,Mehram,,Male,,,,,
201282,Mehram,,Male,,,,,
201283,Mehram,,Male,,,,,
201284,Mehram,,Male,,,,,
201285,Mehram,,Male,,,,,
201286,Mehram,,Male,,,,,
201287,Mehram,,Male,,,,,
201288,Mehram,,Male,,,,,
201289,Mehram,,Male,,,,,
201290,Mehram,,Male,,,,,
201291,Mehram,,Male,,,,,
201292,Mehram,,Male,,,,,
201293,Mehram,,Male,,,,,
201294,Mehram,,Male,,,,,
201295,Mehram,,Male,,,,,
201296,Mehram,,Male,,,,,
201297,Mehram,,Male,,,,,
201298,Mehram,,Male,,,,,
201299,Mehram,,Male,,,,,
201300,Mehram,,Male,,,,,
201301,Mehram,,Male,,,,,
201302,Mehram,,Male,,,,,
201303,Mehram,,Male,,,,,
201304,Mehram,,Male,,,,,
201305,Mehram,,Male,,,,,
201306,Mehram,,Male,,,,,
201307,Mehram,,Male,,,,,
201308,Mehram,,Male,,,,,
201309,Mehram,,Male,,,,,
201310,Mehram,,Male,,,,,
201311,Mehram,,Male,,,,,
201312,Mehram,,Male,,,,,
201313,Mehram,,Male,,,,,
201314,Mehram,,Male,,,,,
201315,Mehram,,Male,,,,,
201316,Mehram,,Male,,,,,
201317,Mehram,,Male,,,,,
201318,Mehram,,Male,,,,,
201319,Mehram,,Male,,,,,
201320,Mehram,,Male,,,,,
201321,Mehram,,Male,,,,,
201322,Mehram,,Male,,,,,
201323,Mehram,,Male,,,,,
201324,Mehram,,Male,,,,,
201325,Mehram,,Male,,,,,
201326,Mehram,,Male,,,,,
201327,Mehram,,Male,,,,,
201328,Mehram,,Male,,,,,
201329,Mehram,,Male,,,,,
201330,Mehram,,Male,,,,,
201331,Mehram,,Male,,,,,
201332,Mehram,,Male,,,,,
201333,Mehram,,Male,,,,,
201334,Mehram,,Male,,,,,
201335,Mehram,,Male,,,,,
201336,Mehram,,Male,,,,,
201337,Mehram,,Male,,,,,
201338,Mehram,,Male,,,,,
201339,Mehram,,Male,,,,,
201340,Mehram,,Male,,,,,
201341,Mehram,,Male,,,,,
201342,Mehram,,Male,,,,,
201343,Mehram,,Male,,,,,
201344,Mehram,,Male,,,,,
201345,Mehram,,Male,,,,,
201346,Mehram,,Male,,,,,
201347,Mehram,,Male,,,,,
201348,Mehram,,Male,,,,,
201349,Mehram,,Male,,,,,
201350,Mehram,,Male,,,,,
201351,Mehram,,Male,,,,,
201352,Mehram,,Male,,,,,
201353,Mehram,,Male,,,,,
201354,Mehram,,Male,,,,,
201355,Mehram,,Male,,,,,
201356,Mehram,,Male,,,,,
201357,Mehram,,Male,,,,,
201358,Mehram,,Male,,,,,
201359,Mehram,,Male,,,,,
201360,Mehram,,Male,,,,,
201361,Mehram,,Male,,,,,
201362,Mehram,,Male,,,,,
201363,Mehram,,Male,,,,,
201364,Mehram,,Male,,,,,
201365,Mehram,,Male,,,,,
201366,Mehram,,Male,,,,,
201367,Mehram,,Male,,,,,
201368,Mehram,,Male,,,,,
201369,Mehram,,Male,,,,,
201370,Mehram,,Male,,,,,
201371,Mehram,,Male,,,,,
201372,Mehram,,Male,,,,,
201373,Mehram,,Male,,,,,
201374,Mehram,,Male,,,,,
201375,Mehram,,Male,,,,,
201376,Mehram,,Male,,,,,
201377,Mehram,,Male,,,,,
201378,Mehram,,Male,,,,,
201379,Mehram,,Male,,,,,
201380,Mehram,,Male,,,,,
201381,Mehram,,Male,,,,,
201382,Mehram,,Male,,,,,
201383,Mehram,,Male,,,,,
201384,Mehram,,Male,,,,,
201385,Mehram,,Male,,,,,
201386,Mehram,,Male,,,,,
201387,Mehram,,Male,,,,,
201388,Mehram,,Male,,,,,
201389,Mehram,,Male,,,,,
201390,Mehram,,Male,,,,,
201391,Mehram,,Male,,,,,
201392,Mehram,,Male,,,,,
201393,Mehram,,Male,,,,,
201394,Mehram,,Male,,,,,
201395,Mehram,,Male,,,,,
201396,Mehram,,Male,,,,,
201397,Mehram,,Male,,,,,
201398,Mehram,,Male,,,,,
201399,Mehram,,Male,,,,,
201400,Mehram,,Male,,,,,
201401,Mehram,,Male,,,,,
201402,Mehram,,Male,,,,,
201403,Mehram,,Male,,,,,
201404,Mehram,,Male,,,,,
201405,Mehram,,Male,,,,,
201406,Mehram,,Male,,,,,
201407,Mehram,,Male,,,,,
201408,Mehram,,Male,,,,,
201409,Mehram,,Male,,,,,
201410,Mehram,,Male,,,,,
201411,Mehram,,Male,,,,,
201412,Mehram,,Male,,,,,
201413,Mehram,,Male,,,,,
201414,Mehram,,Male,,,,,
201415,Mehram,,Male,,,,,
201416,Mehram,,Male,,,,,
201417,Mehram,,Male,,,,,
201418,Mehram,,Male,,,,,
201419,Mehram,,Male,,,,,
201420,Mehram,,Male,,,,,
201421,Mehram,,Male,,,,,
201422,Mehram,,Male,,,,,
201423,Mehram,,Male,,,,,
201424,Mehram,,Male,,,,,
201425,Mehram,,Male,,,,,
201426,Mehram,,Male,,,,,
201427,Mehram,,Male,,,,,
201428,Mehram,,Male,,,,,
201429,Mehram,,Male,,,,,
201430,Mehram,,Male,,,,,
201431,Mehram,,Male,,,,,
201432,Mehram,,Male,,,,,
201433,Mehram,,Male,,,,,
201434,Mehram,,Male,,,,,
201435,Mehram,,Male,,,,,
201436,Mehram,,Male,,,,,
201437,Mehram,,Male,,,,,
201438,Mehram,,Male,,,,,
201439,Mehram,,Male,,,,,
201440,Mehram,,Male,,,,,
201441,Mehram,,Male,,,,,
201442,Mehram,,Male,,,,,
201443,Mehram,,Male,,,,,
201444,Mehram,,Male,,,,,
201445,Mehram,,Male,,,,,
201446,Mehram,,Male,,,,,
201447,Mehram,,Male,,,,,
201448,Mehram,,Male,,,,,
201449,Mehram,,Male,,,,,
201450,Mehram,,Male,,,,,
201451,Mehram,,Male,,,,,
201452,Mehram,,Male,,,,,
201453,Mehram,,Male,,,,,
201454,Mehram,,Male,,,,,
201455,Mehram,,Male,,,,,
201456,Mehram,,Male,,,,,
201457,Mehram,,Male,,,,,
201458,Mehram,,Male,,,,,
201459,Mehram,,Male,,,,,
201460,Mehram,,Male,,,,,
201461,Mehram,,Male,,,,,
201462,Mehram,,Male,,,,,
201463,Mehram,,Male,,,,,
201464,Mehram,,Male,,,,,
201465,Mehram,,Male,,,,,
201466,Mehram,,Male,,,,,
201467,Mehram,,Male,,,,,
201468,Mehram,,Male,,,,,
201469,Mehram,,Male,,,,,
201470,Mehram,,Male,,,,,
201471,Mehram,,Male,,,,,
201472,Mehram,,Male,,,,,
201473,Mehram,,Male,,,,,
201474,Mehram,,Male,,,,,
201475,Mehram,,Male,,,,,
201476,Mehram,,Male,,,,,
201477,Mehram,,Male,,,,,
201478,Mehram,,Male,,,,,
201479,Mehram,,Male,,,,,
201480,Mehram,,Male,,,,,
201481,Mehram,,Male,,,,,
201482,Mehram,,Male,,,,,
201483,Mehram,,Male,,,,,
201484,Mehram,,Male,,,,,
201485,Mehram,,Male,,,,,
201486,Mehram,,Male,,,,,
201487,Mehram,,Male,,,,,
201488,Mehram,,Male,,,,,
201489,Mehram,,Male,,,,,
201490,Mehram,,Male,,,,,
201491,Mehram,,Male,,,,,
201492,Mehram,,Male,,,,,
201493,Mehram,,Male,,,,,
201494,Mehram,,Male,,,,,
201495,Mehram,,Male,,,,,
201496,Mehram,,Male,,,,,
201497,Mehram,,Male,,,,,
201498,Mehram,,Male,,,,,
201499,Mehram,,Male,,,,,
201500,Mehram,,Male,,,,,
201501,Mehram,,Male,,,,,
201502,Mehram,,Male,,,,,
201503,Mehram,,Male,,,,,
201504,Mehram,,Male,,,,,
201505,Mehram,,Male,,,,,
201506,Mehram,,Male,,,,,
201507,Mehram,,Male,,,,,
201508,Mehram,,Male,,,,,
201509,Mehram,,Male,,,,,
201510,Mehram,,Male,,,,,
201511,Mehram,,Male,,,,,
201512,Mehram,,Male,,,,,
201513,Mehram,,Male,,,,,
201514,Mehram,,Male,,,,,
201515,Mehram,,Male,,,,,
201516,Mehram,,Male,,,,,
201517,Mehram,,Male,,,,,
201518,Mehram,,Male,,,,,
201519,Mehram,,Male,,,,,
201520,Mehram,,Male,,,,,
201521,Mehram,,Male,,,,,
201522,Mehram,,Male,,,,,
201523,Mehram,,Male,,,,,
201524,Mehram,,Male,,,,,
201525,Mehram,,Male,,,,,
201526,Mehram,,Male,,,,,
201527,Mehram,,Male,,,,,
201528,Mehram,,Male,,,,,
201529,Mehram,,Male,,,,,
201530,Mehram,,Male,,,,,
201531,Mehram,,Male,,,,,
201532,Mehram,,Male,,,,,
201533,Mehram,,Male,,,,,
201534,Mehram,,Male,,,,,
201535,Mehram,,Male,,,,,
201536,Mehram,,Male,,,,,
201537,Mehram,,Male,,,,,
201538,Mehram,,Male,,,,,
201539,Mehram,,Male,,,,,
201540,Mehram,,Male,,,,,
201541,Mehram,,Male,,,,,
201542,Mehram,,Male,,,,,
201543,Mehram,,Male,,,,,
201544,Mehram,,Male,,,,,
201545,Mehram,,Male,,,,,
201546,Mehram,,Male,,,,,
201547,Mehram,,Male,,,,,
201548,Mehram,,Male,,,,,
201549,Mehram,,Male,,,,,
201550,Mehram,,Male,,,,,
201551,Mehram,,Male,,,,,
201552,Mehram,,Male,,,,,
201553,Mehram,,Male,,,,,
201554,Mehram,,Male,,,,,
201555,Mehram,,Male,,,,,
201556,Mehram,,Male,,,,,
201557,Mehram,,Male,,,,,
201558,Mehram,,Male,,,,,
201559,Mehram,,Male,,,,,
201560,Mehram,,Male,,,,,
201561,Mehram,,Male,,,,,
201562,Mehram,,Male,,,,,
201563,Mehram,,Male,,,,,
201564,Mehram,,Male,,,,,
201565,Mehram,,Male,,,,,
201566,Mehram,,Male,,,,,
201567,Mehram,,Male,,,,,
201568,Mehram,,Male,,,,,
201569,Mehram,,Male,,,,,
201570,Mehram,,Male,,,,,
201571,Mehram,,Male,,,,,
201572,Mehram,,Male,,,,,
201573,Mehram,,Male,,,,,
201574,Mehram,,Male,,,,,
201575,Mehram,,Male,,,,,
201576,Mehram,,Male,,,,,
201577,Mehram,,Male,,,,,
201578,Mehram,,Male,,,,,
201579,Mehram,,Male,,,,,
201580,Mehram,,Male,,,,,
201581,Mehram,,Male,,,,,
201582,Mehram,,Male,,,,,
201583,Mehram,,Male,,,,,
201584,Mehram,,Male,,,,,
201585,Mehram,,Male,,,,,
201586,Mehram,,Male,,,,,
201587,Mehram,,Male,,,,,
201588,Mehram,,Male,,,,,
201589,Mehram,,Male,,,,,
201590,Mehram,,Male,,,,,
201591,Mehram,,Male,,,,,
201592,Mehram,,Male,,,,,
201593,Mehram,,Male,,,,,
201594,Mehram,,Male,,,,,
201595,Mehram,,Male,,,,,
201596,Mehram,,Male,,,,,
201597,Mehram,,Male,,,,,
201598,Mehram,,Male,,,,,
201599,Mehram,,Male,,,,,
201600,Mehram,,Male,,,,,
201601,Mehram,,Male,,,,,
201602,Mehram,,Male,,,,,
201603,Mehram,,Male,,,,,
201604,Mehram,,Male,,,,,
201605,Mehram,,Male,,,,,
201606,Mehram,,Male,,,,,
201607,Mehram,,Male,,,,,
201608,Mehram,,Male,,,,,
201609,Mehram,,Male,,,,,
201610,Mehram,,Male,,,,,
201611,Mehram,,Male,,,,,
201612,Mehram,,Male,,,,,
201613,Mehram,,Male,,,,,
201614,Mehram,,Male,,,,,
201615,Mehram,,Male,,,,,
201616,Mehram,,Male,,,,,
201617,Mehram,,Male,,,,,
201618,Mehram,,Male,,,,,
201619,Mehram,,Male,,,,,
201620,Mehram,,Male,,,,,
201621,Mehram,,Male,,,,,
201622,Mehram,,Male,,,,,
201623,Mehram,,Male,,,,,
201624,Mehram,,Male,,,,,
201625,Mehram,,Male,,,,,
201626,Mehram,,Male,,,,,
201627,Mehram,,Male,,,,,
201628,Mehram,,Male,,,,,
201629,Mehram,,Male,,,,,
201630,Mehram,,Male,,,,,
201631,Mehram,,Male,,,,,
201632,Mehram,,Male,,,,,
201633,Mehram,,Male,,,,,
201634,Mehram,,Male,,,,,
201635,Mehram,,Male,,,,,
201636,Mehram,,Male,,,,,
201637,Mehram,,Male,,,,,
201638,Mehram,,Male,,,,,
201639,Mehram,,Male,,,,,
201640,Mehram,,Male,,,,,
201641,Mehram,,Male,,,,,
201642,Mehram,,Male,,,,,
201643,Mehram,,Male,,,,,
201644,Mehram,,Male,,,,,
201645,Mehram,,Male,,,,,
201646,Mehram,,Male,,,,,
201647,Mehram,,Male,,,,,
201648,Mehram,,Male,,,,,
201649,Mehram,,Male,,,,,
201650,Mehram,,Male,,,,,
201651,Mehram,,Male,,,,,
201652,Mehram,,Male,,,,,
201653,Mehram,,Male,,,,,
201654,Mehram,,Male,,,,,
201655,Mehram,,Male,,,,,
201656,Mehram,,Male,,,,,
201657,Mehram,,Male,,,,,
201658,Mehram,,Male,,,,,
201659,Mehram,,Male,,,,,
201660,Mehram,,Male,,,,,
201661,Mehram,,Male,,,,,
201662,Mehram,,Male,,,,,
201663,Mehram,,Male,,,,,
201664,Mehram,,Male,,,,,
201665,Mehram,,Male,,,,,
201666,Mehram,,Male,,,,,
201667,Mehram,,Male,,,,,
201668,Mehram,,Male,,,,,
201669,Mehram,,Male,,,,,
201670,Mehram,,Male,,,,,
201671,Mehram,,Male,,,,,
201672,Mehram,,Male,,,,,
201673,Mehram,,Male,,,,,
201674,Mehram,,Male,,,,,
201675,Mehram,,Male,,,,,
201676,Mehram,,Male,,,,,
201677,Mehram,,Male,,,,,
201678,Mehram,,Male,,,,,
201679,Mehram,,Male,,,,,
201680,Mehram,,Male,,,,,
201681,Mehram,,Male,,,,,
201682,Mehram,,Male,,,,,
201683,Mehram,,Male,,,,,
201684,Mehram,,Male,,,,,
201685,Mehram,,Male,,,,,
201686,Mehram,,Male,,,,,
201687,Mehram,,Male,,,,,
201688,Mehram,,Male,,,,,
201689,Mehram,,Male,,,,,
201690,Mehram,,Male,,,,,
201691,Mehram,,Male,,,,,
201692,Mehram,,Male,,,,,
201693,Mehram,,Male,,,,,
201694,Mehram,,Male,,,,,
201695,Mehram,,Male,,,,,
201696,Mehram,,Male,,,,,
201697,Mehram,,Male,,,,,
201698,Mehram,,Male,,,,,
201699,Mehram,,Male,,,,,
201700,Mehram,,Male,,,,,
201701,Mehram,,Male,,,,,
201702,Mehram,,Male,,,,,
201703,Mehram,,Male,,,,,
201704,Mehram,,Male,,,,,
201705,Mehram,,Male,,,,,
201706,Mehram,,Male,,,,,
201707,Mehram,,Male,,,,,
201708,Mehram,,Male,,,,,
201709,Mehram,,Male,,,,,
201710,Mehram,,Male,,,,,
201711,Mehram,,Male,,,,,
201712,Mehram,,Male,,,,,
201713,Mehram,,Male,,,,,
201714,Mehram,,Male,,,,,
201715,Mehram,,Male,,,,,
201716,Mehram,,Male,,,,,
201717,Mehram,,Male,,,,,
201718,Mehram,,Male,,,,,
201719,Mehram,,Male,,,,,
201720,Mehram,,Male,,,,,
201721,Mehram,,Male,,,,,
201722,Mehram,,Male,,,,,
201723,Mehram,,Male,,,,,
201724,Mehram,,Male,,,,,
201725,Mehram,,Male,,,,,
201726,Mehram,,Male,,,,,
201727,Mehram,,Male,,,,,
201728,Mehram,,Male,,,,,
201729,Mehram,,Male,,,,,
201730,Mehram,,Male,,,,,
201731,Mehram,,Male,,,,,
201732,Mehram,,Male,,,,,
201733,Mehram,,Male,,,,,
201734,Mehram,,Male,,,,,
201735,Mehram,,Male,,,,,
201736,Mehram,,Male,,,,,
201737,Mehram,,Male,,,,,
201738,Mehram,,Male,,,,,
201739,Mehram,,Male,,,,,
201740,Mehram,,Male,,,,,
201741,Mehram,,Male,,,,,
201742,Mehram,,Male,,,,,
201743,Mehram,,Male,,,,,
201744,Mehram,,Male,,,,,
201745,Mehram,,Male,,,,,
201746,Mehram,,Male,,,,,
201747,Mehram,,Male,,,,,
201748,Mehram,,Male,,,,,
201749,Mehram,,Male,,,,,
201750,Mehram,,Male,,,,,
201751,Mehram,,Male,,,,,
201752,Mehram,,Male,,,,,
201753,Mehram,,Male,,,,,
201754,Mehram,,Male,,,,,
201755,Mehram,,Male,,,,,
201756,Mehram,,Male,,,,,
201757,Mehram,,Male,,,,,
201758,Mehram,,Male,,,,,
201759,Mehram,,Male,,,,,
201760,Mehram,,Male,,,,,
201761,Mehram,,Male,,,,,
201762,Mehram,,Male,,,,,
201763,Mehram,,Male,,,,,
201764,Mehram,,Male,,,,,
201765,Mehram,,Male,,,,,
201766,Mehram,,Male,,,,,
201767,Mehram,,Male,,,,,
201768,Mehram,,Male,,,,,
201769,Mehram,,Male,,,,,
201770,Mehram,,Male,,,,,
201771,Mehram,,Male,,,,,
201772,Mehram,,Male,,,,,
201773,Mehram,,Male,,,,,
201774,Mehram,,Male,,,,,
201775,Mehram,,Male,,,,,
201776,Mehram,,Male,,,,,
201777,Mehram,,Male,,,,,
201778,Mehram,,Male,,,,,
201779,Mehram,,Male,,,,,
201780,Mehram,,Male,,,,,
201781,Mehram,,Male,,,,,
201782,Mehram,,Male,,,,,
201783,Mehram,,Male,,,,,
201784,Mehram,,Male,,,,,
201785,Mehram,,Male,,,,,
201786,Mehram,,Male,,,,,
201787,Mehram,,Male,,,,,
201788,Mehram,,Male,,,,,
201789,Mehram,,Male,,,,,
201790,Mehram,,Male,,,,,
201791,Mehram,,Male,,,,,
201792,Mehram,,Male,,,,,
201793,Mehram,,Male,,,,,
201794,Mehram,,Male,,,,,
201795,Mehram,,Male,,,,,
201796,Mehram,,Male,,,,,
201797,Mehram,,Male,,,,,
201798,Mehram,,Male,,,,,
201799,Mehram,,Male,,,,,
201800,Mehram,,Male,,,,,
201801,Mehram,,Male,,,,,
201802,Mehram,,Male,,,,,
201803,Mehram,,Male,,,,,
201804,Mehram,,Male,,,,,
201805,Mehram,,Male,,,,,
201806,Mehram,,Male,,,,,
201807,Mehram,,Male,,,,,
201808,Mehram,,Male,,,,,
201809,Mehram,,Male,,,,,
201810,Mehram,,Male,,,,,
201811,Mehram,,Male,,,,,
201812,Mehram,,Male,,,,,
201813,Mehram,,Male,,,,,
201814,Mehram,,Male,,,,,
201815,Mehram,,Male,,,,,
201816,Mehram,,Male,,,,,
201817,Mehram,,Male,,,,,
201818,Mehram,,Male,,,,,
201819,Mehram,,Male,,,,,
201820,Mehram,,Male,,,,,
201821,Mehram,,Male,,,,,
201822,Mehram,,Male,,,,,
201823,Mehram,,Male,,,,,
201824,Mehram,,Male,,,,,
201825,Mehram,,Male,,,,,
201826,Mehram,,Male,,,,,
201827,Mehram,,Male,,,,,
201828,Mehram,,Male,,,,,
201829,Mehram,,Male,,,,,
201830,Mehram,,Male,,,,,
201831,Mehram,,Male,,,,,
201832,Mehram,,Male,,,,,
201833,Mehram,,Male,,,,,
201834,Mehram,,Male,,,,,
201835,Mehram,,Male,,,,,
201836,Mehram,,Male,,,,,
201837,Mehram,,Male,,,,,
201838,Mehram,,Male,,,,,
201839,Mehram,,Male,,,,,
201840,Mehram,,Male,,,,,
201841,Mehram,,Male,,,,,
201842,Mehram,,Male,,,,,
201843,Mehram,,Male,,,,,
201844,Mehram,,Male,,,,,
201845,Mehram,,Male,,,,,
201846,Mehram,,Male,,,,,
201847,Mehram,,Male,,,,,
201848,Mehram,,Male,,,,,
201849,Mehram,,Male,,,,,
201850,Mehram,,Male,,,,,
201851,Mehram,,Male,,,,,
201852,Mehram,,Male,,,,,
201853,Mehram,,Male,,,,,
201854,Mehram,,Male,,,,,
201855,Mehram,,Male,,,,,
201856,Mehram,,Male,,,,,
201857,Mehram,,Male,,,,,
201858,Mehram,,Male,,,,,
201859,Mehram,,Male,,,,,
201860,Mehram,,Male,,,,,
201861,Mehram,,Male,,,,,
201862,Mehram,,Male,,,,,
201863,Mehram,,Male,,,,,
201864,Mehram,,Male,,,,,
201865,Mehram,,Male,,,,,
201866,Mehram,,Male,,,,,
201867,Mehram,,Male,,,,,
201868,Mehram,,Male,,,,,
201869,Mehram,,Male,,,,,
201870,Mehram,,Male,,,,,
201871,Mehram,,Male,,,,,
201872,Mehram,,Male,,,,,
201873,Mehram,,Male,,,,,
201874,Mehram,,Male,,,,,
201875,Mehram,,Male,,,,,
201876,Mehram,,Male,,,,,
201877,Mehram,,Male,,,,,
201878,Mehram,,Male,,,,,
201879,Mehram,,Male,,,,,
201880,Mehram,,Male,,,,,
201881,Mehram,,Male,,,,,
201882,Mehram,,Male,,,,,
201883,Mehram,,Male,,,,,
201884,Mehram,,Male,,,,,
201885,Mehram,,Male,,,,,
201886,Mehram,,Male,,,,,
201887,Mehram,,Male,,,,,
201888,Mehram,,Male,,,,,
201889,Mehram,,Male,,,,,
201890,Mehram,,Male,,,,,
201891,Mehram,,Male,,,,,
201892,Mehram,,Male,,,,,
201893,Mehram,,Male,,,,,
201894,Mehram,,Male,,,,,
201895,Mehram,,Male,,,,,
201896,Mehram,,Male,,,,,
201897,Mehram,,Male,,,,,
201898,Mehram,,Male,,,,,
201899,Mehram,,Male,,,,,
201900,Mehram,,Male,,,,,
201901,Mehram,,Male,,,,,
201902,Mehram,,Male,,,,,
201903,Mehram,,Male,,,,,
201904,Mehram,,Male,,,,,
201905,Mehram,,Male,,,,,
201906,Mehram,,Male,,,,,
201907,Mehram,,Male,,,,,
201908,Mehram,,Male,,,,,
201909,Mehram,,Male,,,,,
201910,Mehram,,Male,,,,,
201911,Mehram,,Male,,,,,
201912,Mehram,,Male,,,,,
201913,Mehram,,Male,,,,,
201914,Mehram,,Male,,,,,
201915,Mehram,,Male,,,,,
201916,Mehram,,Male,,,,,
201917,Mehram,,Male,,,,,
201918,Mehram,,Male,,,,,
201919,Mehram,,Male,,,,,
201920,Mehram,,Male,,,,,
201921,Mehram,,Male,,,,,
201922,Mehram,,Male,,,,,
201923,Mehram,,Male,,,,,
201924,Mehram,,Male,,,,,
201925,Mehram,,Male,,,,,
201926,Mehram,,Male,,,,,
201927,Mehram,,Male,,,,,
201928,Mehram,,Male,,,,,
201929,Mehram,,Male,,,,,
201930,Mehram,,Male,,,,,
201931,Mehram,,Male,,,,,
201932,Mehram,,Male,,,,,
201933,Mehram,,Male,,,,,
201934,Mehram,,Male,,,,,
201935,Mehram,,Male,,,,,
201936,Mehram,,Male,,,,,
201937,Mehram,,Male,,,,,
201938,Mehram,,Male,,,,,
201939,Mehram,,Male,,,,,
201940,Mehram,,Male,,,,,
201941,Mehram,,Male,,,,,
201942,Mehram,,Male,,,,,
201943,Mehram,,Male,,,,,
201944,Mehram,,Male,,,,,
201945,Mehram,,Male,,,,,
201946,Mehram,,Male,,,,,
201947,Mehram,,Male,,,,,
201948,Mehram,,Male,,,,,
201949,Mehram,,Male,,,,,
201950,Mehram,,Female,,,,,
201951,Mehram,,Female,,,,,
201952,Mehram,,Female,,,,,
201953,Mehram,,Female,,,,,
201954,Mehram,,Female,,,,,
201955,Mehram,,Female,,,,,
201956,Mehram,,Female,,,,,
201957,Mehram,,Female,,,,,
201958,Mehram,,Female,,,,,
201959,Mehram,,Female,,,,,
201960,Mehram,,Female,,,,,
201961,Mehram,,Female,,,,,
201962,Mehram,,Female,,,,,
201963,Mehram,,Female,,,,,
201964,Mehram,,Female,,,,,
201965,Mehram,,Female,,,,,
201966,Mehram,,Female,,,,,
201967,Mehram,,Female,,,,,
201968,Mehram,,Female,,,,,
201969,Mehram,,Female,,,,,
201970,Mehram,,Female,,,,,
201971,Mehram,,Female,,,,,
201972,Mehram,,Female,,,,,
201973,Mehram,,Female,,,,,
201974,Mehram,,Female,,,,,
201975,Mehram,,Female,,,,,
201976,Mehram,,Female,,,,,
201977,Mehram,,Female,,,,,
201978,Mehram,,Female,,,,,
201979,Mehram,,Female,,,,,
201980,Mehram,,Female,,,,,
201981,Mehram,,Female,,,,,
201982,Mehram,,Female,,,,,
201983,Mehram,,Female,,,,,
201984,Mehram,,Female,,,,,
201985,Mehram,,Female,,,,,
201986,Mehram,,Female,,,,,
201987,Mehram,,Female,,,,,
201988,Mehram,,Female,,,,,
201989,Mehram,,Female,,,,,
201990,Mehram,,Female,,,,,
201991,Mehram,,Female,,,,,
201992,Mehram,,Female,,,,,
201993,Mehram,,Female,,,,,
201994,Mehram,,Female,,,,,
201995,Mehram,,Female,,,,,
201996,Mehram,,Female,,,,,
201997,Mehram,,Female,,,,,
201998,Mehram,,Female,,,,,
201999,Mehram,,Female,,,,,
202000,Mehram,,Female,,,,,
202001,Mehram,,Female,,,,,
202002,Mehram,,Female,,,,,
202003,Mehram,,Female,,,,,
202004,Mehram,,Female,,,,,
202005,Mehram,,Female,,,,,
202006,Mehram,,Female,,,,,
202007,Mehram,,Female,,,,,
202008,Mehram,,Female,,,,,
202009,Mehram,,Female,,,,,
202010,Mehram,,Female,,,,,
202011,Mehram,,Female,,,,,
202012,Mehram,,Female,,,,,
202013,Mehram,,Female,,,,,
202014,Mehram,,Female,,,,,
202015,Mehram,,Female,,,,,
202016,Mehram,,Female,,,,,
202017,Mehram,,Female,,,,,
202018,Mehram,,Female,,,,,
202019,Mehram,,Female,,,,,
202020,Mehram,,Female,,,,,
202021,Mehram,,Female,,,,,
202022,Mehram,,Female,,,,,
202023,Mehram,,Female,,,,,
202024,Mehram,,Female,,,,,
202025,Mehram,,Female,,,,,
202026,Mehram,,Female,,,,,
202027,Mehram,,Female,,,,,
202028,Mehram,,Female,,,,,
202029,Mehram,,Female,,,,,
202030,Mehram,,Female,,,,,
202031,Mehram,,Female,,,,,
202032,Mehram,,Female,,,,,
202033,Mehram,,Female,,,,,
202034,Mehram,,Female,,,,,
202035,Mehram,,Female,,,,,
202036,Mehram,,Female,,,,,
202037,Mehram,,Female,,,,,
202038,Mehram,,Female,,,,,
202039,Mehram,,Female,,,,,
202040,Mehram,,Female,,,,,
202041,Mehram,,Female,,,,,
202042,Mehram,,Female,,,,,
202043,Mehram,,Female,,,,,
202044,Mehram,,Female,,,,,
202045,Mehram,,Female,,,,,
202046,Mehram,,Female,,,,,
202047,Mehram,,Female,,,,,
202048,Mehram,,Female,,,,,
202049,Mehram,,Female,,,,,
202050,Mehram,,Female,,,,,
202051,Mehram,,Female,,,,,
202052,Mehram,,Female,,,,,
202053,Mehram,,Female,,,,,
202054,Mehram,,Female,,,,,
202055,Mehram,,Female,,,,,
202056,Mehram,,Female,,,,,
202057,Mehram,,Female,,,,,
202058,Mehram,,Female,,,,,
202059,Mehram,,Female,,,,,
202060,Mehram,,Female,,,,,
202061,Mehram,,Female,,,,,
202062,Mehram,,Female,,,,,
202063,Mehram,,Female,,,,,
202064,Mehram,,Female,,,,,
202065,Mehram,,Female,,,,,
202066,Mehram,,Female,,,,,
202067,Mehram,,Female,,,,,
202068,Mehram,,Female,,,,,
202069,Mehram,,Female,,,,,
202070,Mehram,,Female,,,,,
202071,Mehram,,Female,,,,,
202072,Mehram,,Female,,,,,
202073,Mehram,,Female,,,,,
202074,Mehram,,Female,,,,,
202075,Mehram,,Female,,,,,
202076,Mehram,,Female,,,,,
202077,Mehram,,Female,,,,,
202078,Mehram,,Female,,,,,
202079,Mehram,,Female,,,,,
202080,Mehram,,Female,,,,,
202081,Mehram,,Female,,,,,
202082,Mehram,,Female,,,,,
202083,Mehram,,Female,,,,,
202084,Mehram,,Female,,,,,
202085,Mehram,,Female,,,,,
202086,Mehram,,Female,,,,,
202087,Mehram,,Female,,,,,
202088,Mehram,,Female,,,,,
202089,Mehram,,Female,,,,,
202090,Mehram,,Female,,,,,
202091,Mehram,,Female,,,,,
202092,Mehram,,Female,,,,,
202093,Mehram,,Female,,,,,
202094,Mehram,,Female,,,,,
202095,Mehram,,Female,,,,,
202096,Mehram,,Female,,,,,
202097,Mehram,,Female,,,,,
202098,Mehram,,Female,,,,,
202099,Mehram,,Female,,,,,
202100,Mehram,,Female,,,,,
202101,Mehram,,Female,,,,,
202102,Mehram,,Female,,,,,
202103,Mehram,,Female,,,,,
202104,Mehram,,Female,,,,,
202105,Mehram,,Female,,,,,
202106,Mehram,,Female,,,,,
202107,Mehram,,Female,,,,,
202108,Mehram,,Female,,,,,
202109,Mehram,,Female,,,,,
202110,Mehram,,Female,,,,,
202111,Mehram,,Female,,,,,
202112,Mehram,,Female,,,,,
202113,Mehram,,Female,,,,,
202114,Mehram,,Female,,,,,
202115,Mehram,,Female,,,,,
202116,Mehram,,Female,,,,,
202117,Mehram,,Female,,,,,
202118,Mehram,,Female,,,,,
202119,Mehram,,Female,,,,,
202120,Mehram,,Female,,,,,
202121,Mehram,,Female,,,,,
202122,Mehram,,Female,,,,,
202123,Mehram,,Female,,,,,
202124,Mehram,,Female,,,,,
202125,Mehram,,Female,,,,,
202126,Mehram,,Female,,,,,
202127,Mehram,,Female,,,,,
202128,Mehram,,Female,,,,,
202129,Mehram,,Female,,,,,
202130,Mehram,,Female,,,,,
202131,Mehram,,Female,,,,,
202132,Mehram,,Female,,,,,
202133,Mehram,,Female,,,,,
202134,Mehram,,Female,,,,,
202135,Mehram,,Female,,,,,
202136,Mehram,,Female,,,,,
202137,Mehram,,Female,,,,,
202138,Mehram,,Female,,,,,
202139,Mehram,,Female,,,,,
202140,Mehram,,Female,,,,,
202141,Mehram,,Female,,,,,
202142,Mehram,,Female,,,,,
202143,Mehram,,Female,,,,,
202144,Mehram,,Female,,,,,
202145,Mehram,,Female,,,,,
202146,Mehram,,Female,,,,,
202147,Mehram,,Female,,,,,
202148,Mehram,,Female,,,,,
202149,Mehram,,Female,,,,,
202150,Mehram,,Female,,,,,
202151,Mehram,,Female,,,,,
202152,Mehram,,Female,,,,,
202153,Mehram,,Female,,,,,
202154,Mehram,,Female,,,,,
202155,Mehram,,Female,,,,,
202156,Mehram,,Female,,,,,
202157,Mehram,,Female,,,,,
202158,Mehram,,Female,,,,,
202159,Mehram,,Female,,,,,
202160,Mehram,,Female,,,,,
202161,Mehram,,Female,,,,,
202162,Mehram,,Female,,,,,
202163,Mehram,,Female,,,,,
202164,Mehram,,Female,,,,,
202165,Mehram,,Female,,,,,
202166,Mehram,,Female,,,,,
202167,Mehram,,Female,,,,,
202168,Mehram,,Female,,,,,
202169,Mehram,,Female,,,,,
202170,Mehram,,Female,,,,,
202171,Mehram,,Female,,,,,
202172,Mehram,,Female,,,,,
202173,Mehram,,Female,,,,,
202174,Mehram,,Female,,,,,
202175,Mehram,,Female,,,,,
202176,Mehram,,Female,,,,,
202177,Mehram,,Female,,,,,
202178,Mehram,,Female,,,,,
202179,Mehram,,Female,,,,,
202180,Mehram,,Female,,,,,
202181,Mehram,,Female,,,,,
202182,Mehram,,Female,,,,,
202183,Mehram,,Female,,,,,
202184,Mehram,,Female,,,,,
202185,Mehram,,Female,,,,,
202186,Mehram,,Female,,,,,
202187,Mehram,,Female,,,,,
202188,Mehram,,Female,,,,,
202189,Mehram,,Female,,,,,
202190,Mehram,,Female,,,,,
202191,Mehram,,Female,,,,,
202192,Mehram,,Female,,,,,
202193,Mehram,,Female,,,,,
202194,Mehram,,Female,,,,,
202195,Mehram,,Female,,,,,
202196,Mehram,,Female,,,,,
202197,Mehram,,Female,,,,,
202198,Mehram,,Female,,,,,
202199,Mehram,,Female,,,,,
202200,Mehram,,Female,,,,,
202201,Mehram,,Female,,,,,
202202,Mehram,,Female,,,,,
202203,Mehram,,Female,,,,,
202204,Mehram,,Female,,,,,
202205,Mehram,,Female,,,,,
202206,Mehram,,Female,,,,,
202207,Mehram,,Female,,,,,
202208,Mehram,,Female,,,,,
202209,Mehram,,Female,,,,,
202210,Mehram,,Female,,,,,
202211,Mehram,,Female,,,,,
202212,Mehram,,Female,,,,,
202213,Mehram,,Female,,,,,
202214,Mehram,,Female,,,,,
202215,Mehram,,Female,,,,,
202216,Mehram,,Female,,,,,
202217,Mehram,,Female,,,,,
202218,Mehram,,Female,,,,,
202219,Mehram,,Female,,,,,
202220,Mehram,,Female,,,,,
202221,Mehram,,Female,,,,,
202222,Mehram,,Female,,,,,
202223,Mehram,,Female,,,,,
202224,Mehram,,Female,,,,,
202225,Mehram,,Female,,,,,
202226,Mehram,,Female,,,,,
202227,Mehram,,Female,,,,,
202228,Mehram,,Female,,,,,
202229,Mehram,,Female,,,,,
202230,Mehram,,Female,,,,,
202231,Mehram,,Female,,,,,
202232,Mehram,,Female,,,,,
202233,Mehram,,Female,,,,,
202234,Mehram,,Female,,,,,
202235,Mehram,,Female,,,,,
202236,Mehram,,Female,,,,,
202237,Mehram,,Female,,,,,
202238,Mehram,,Female,,,,,
202239,Mehram,,Female,,,,,
202240,Mehram,,Female,,,,,
202241,Mehram,,Female,,,,,
202242,Mehram,,Female,,,,,
202243,Mehram,,Female,,,,,
202244,Mehram,,Female,,,,,
202245,Mehram,,Female,,,,,
202246,Mehram,,Female,,,,,
202247,Mehram,,Female,,,,,
202248,Mehram,,Female,,,,,
202249,Mehram,,Female,,,,,
202250,Mehram,,Female,,,,,
202251,Mehram,,Female,,,,,
202252,Mehram,,Female,,,,,
202253,Mehram,,Female,,,,,
202254,Mehram,,Female,,,,,
202255,Mehram,,Female,,,,,
202256,Mehram,,Female,,,,,
202257,Mehram,,Female,,,,,
202258,Mehram,,Female,,,,,
202259,Mehram,,Female,,,,,
202260,Mehram,,Female,,,,,
202261,Mehram,,Female,,,,,
202262,Mehram,,Female,,,,,
202263,Mehram,,Female,,,,,
202264,Mehram,,Female,,,,,
202265,Mehram,,Female,,,,,
202266,Mehram,,Female,,,,,
202267,Mehram,,Female,,,,,
202268,Mehram,,Female,,,,,
202269,Mehram,,Female,,,,,
202270,Mehram,,Female,,,,,
202271,Mehram,,Female,,,,,
202272,Mehram,,Female,,,,,
202273,Mehram,,Female,,,,,
202274,Mehram,,Female,,,,,
202275,Mehram,,Female,,,,,
202276,Mehram,,Female,,,,,
202277,Mehram,,Female,,,,,
202278,Mehram,,Female,,,,,
202279,Mehram,,Female,,,,,
202280,Mehram,,Female,,,,,
202281,Mehram,,Female,,,,,
202282,Mehram,,Female,,,,,
202283,Mehram,,Female,,,,,
202284,Mehram,,Female,,,,,
202285,Mehram,,Female,,,,,
202286,Mehram,,Female,,,,,
202287,Mehram,,Female,,,,,
202288,Mehram,,Female,,,,,
202289,Mehram,,Female,,,,,
202290,Mehram,,Female,,,,,
202291,Mehram,,Female,,,,,
202292,Mehram,,Female,,,,,
202293,Mehram,,Female,,,,,
202294,Mehram,,Female,,,,,
202295,Mehram,,Female,,,,,
202296,Mehram,,Female,,,,,
202297,Mehram,,Female,,,,,
202298,Mehram,,Female,,,,,
202299,Mehram,,Female,,,,,
202300,Mehram,,Female,,,,,
202301,Mehram,,Female,,,,,
202302,Mehram,,Female,,,,,
202303,Mehram,,Female,,,,,
202304,Mehram,,Female,,,,,
202305,Mehram,,Female,,,,,
202306,Mehram,,Female,,,,,
202307,Mehram,,Female,,,,,
202308,Mehram,,Female,,,,,
202309,Mehram,,Female,,,,,
202310,Mehram,,Female,,,,,
202311,Mehram,,Female,,,,,
202312,Mehram,,Female,,,,,
202313,Mehram,,Female,,,,,
202314,Mehram,,Female,,,,,
202315,Mehram,,Female,,,,,
202316,Mehram,,Female,,,,,
202317,Mehram,,Female,,,,,
202318,Mehram,,Female,,,,,
202319,Mehram,,Female,,,,,
202320,Mehram,,Female,,,,,
202321,Mehram,,Female,,,,,
202322,Mehram,,Female,,,,,
202323,Mehram,,Female,,,,,
202324,Mehram,,Female,,,,,
202325,Mehram,,Female,,,,,
202326,Mehram,,Female,,,,,
202327,Mehram,,Female,,,,,
202328,Mehram,,Female,,,,,
202329,Mehram,,Female,,,,,
202330,Mehram,,Female,,,,,
202331,Mehram,,Female,,,,,
202332,Mehram,,Female,,,,,
202333,Mehram,,Female,,,,,
202334,Mehram,,Female,,,,,
202335,Mehram,,Female,,,,,
202336,Mehram,,Female,,,,,
202337,Mehram,,Female,,,,,
202338,Mehram,,Female,,,,,
202339,Mehram,,Female,,,,,
202340,Mehram,,Female,,,,,
202341,Mehram,,Female,,,,,
202342,Mehram,,Female,,,,,
202343,Mehram,,Female,,,,,
202344,Mehram,,Female,,,,,
202345,Mehram,,Female,,,,,
202346,Mehram,,Female,,,,,
202347,Mehram,,Female,,,,,
202348,Mehram,,Female,,,,,
202349,Mehram,,Female,,,,,
202350,Mehram,,Female,,,,,
202351,Mehram,,Female,,,,,
202352,Mehram,,Female,,,,,
202353,Mehram,,Female,,,,,
202354,Mehram,,Female,,,,,
202355,Mehram,,Female,,,,,
202356,Mehram,,Female,,,,,
202357,Mehram,,Female,,,,,
202358,Mehram,,Female,,,,,
202359,Mehram,,Female,,,,,
202360,Mehram,,Female,,,,,
202361,Mehram,,Female,,,,,
202362,Mehram,,Female,,,,,
202363,Mehram,,Female,,,,,
202364,Mehram,,Female,,,,,
202365,Mehram,,Female,,,,,
202366,Mehram,,Female,,,,,
202367,Mehram,,Female,,,,,
202368,Mehram,,Female,,,,,
202369,Mehram,,Female,,,,,
202370,Mehram,,Female,,,,,
202371,Mehram,,Female,,,,,
202372,Mehram,,Female,,,,,
202373,Mehram,,Female,,,,,
202374,Mehram,,Female,,,,,
202375,Mehram,,Female,,,,,
202376,Mehram,,Female,,,,,
202377,Mehram,,Female,,,,,
202378,Mehram,,Female,,,,,
202379,Mehram,,Female,,,,,
202380,Mehram,,Female,,,,,
202381,Mehram,,Female,,,,,
202382,Mehram,,Female,,,,,
202383,Mehram,,Female,,,,,
202384,Mehram,,Female,,,,,
202385,Mehram,,Female,,,,,
202386,Mehram,,Female,,,,,
202387,Mehram,,Female,,,,,
202388,Mehram,,Female,,,,,
202389,Mehram,,Female,,,,,
202390,Mehram,,Female,,,,,
202391,Mehram,,Female,,,,,
202392,Mehram,,Female,,,,,
202393,Mehram,,Female,,,,,
202394,Mehram,,Female,,,,,
202395,Mehram,,Female,,,,,
202396,Mehram,,Female,,,,,
202397,Mehram,,Female,,,,,
202398,Mehram,,Female,,,,,
202399,Mehram,,Female,,,,,
202400,Mehram,,Female,,,,,
202401,Mehram,,Female,,,,,
202402,Mehram,,Female,,,,,
202403,Mehram,,Female,,,,,
202404,Mehram,,Female,,,,,
202405,Mehram,,Female,,,,,
202406,Mehram,,Female,,,,,
202407,Mehram,,Female,,,,,
202408,Mehram,,Female,,,,,
202409,Mehram,,Female,,,,,
202410,Mehram,,Female,,,,,
202411,Mehram,,Female,,,,,
202412,Mehram,,Female,,,,,
202413,Mehram,,Female,,,,,
202414,Mehram,,Female,,,,,
202415,Mehram,,Female,,,,,
202416,Mehram,,Female,,,,,
202417,Mehram,,Female,,,,,
202418,Mehram,,Female,,,,,
202419,Mehram,,Female,,,,,
202420,Mehram,,Female,,,,,
202421,Mehram,,Female,,,,,
202422,Mehram,,Female,,,,,
202423,Mehram,,Female,,,,,
202424,Mehram,,Female,,,,,
202425,Mehram,,Female,,,,,
202426,Mehram,,Female,,,,,
202427,Mehram,,Female,,,,,
202428,Mehram,,Female,,,,,
202429,Mehram,,Female,,,,,
202430,Mehram,,Female,,,,,
202431,Mehram,,Female,,,,,
202432,Mehram,,Female,,,,,
202433,Mehram,,Female,,,,,
202434,Mehram,,Female,,,,,
202435,Mehram,,Female,,,,,
202436,Mehram,,Female,,,,,
202437,Mehram,,Female,,,,,
202438,Mehram,,Female,,,,,
202439,Mehram,,Female,,,,,
202440,Mehram,,Female,,,,,
202441,Mehram,,Female,,,,,
202442,Mehram,,Female,,,,,
202443,Mehram,,Female,,,,,
202444,Mehram,,Female,,,,,
202445,Mehram,,Female,,,,,
202446,Mehram,,Female,,,,,
202447,Mehram,,Female,,,,,
202448,Mehram,,Female,,,,,
202449,Mehram,,Female,,,,,
202450,Mehram,,Female,,,,,
202451,Mehram,,Female,,,,,
202452,Mehram,,Female,,,,,
202453,Mehram,,Female,,,,,
202454,Mehram,,Female,,,,,
202455,Mehram,,Female,,,,,
202456,Mehram,,Female,,,,,
202457,Mehram,,Female,,,,,
202458,Mehram,,Female,,,,,
202459,Mehram,,Female,,,,,
202460,Mehram,,Female,,,,,
202461,Mehram,,Female,,,,,
202462,Mehram,,Female,,,,,
202463,Mehram,,Female,,,,,
202464,Mehram,,Female,,,,,
202465,Mehram,,Female,,,,,
202466,Mehram,,Female,,,,,
202467,Mehram,,Female,,,,,
202468,Mehram,,Female,,,,,
202469,Mehram,,Female,,,,,
202470,Mehram,,Female,,,,,
202471,Mehram,,Female,,,,,
202472,Mehram,,Female,,,,,
202473,Mehram,,Female,,,,,
202474,Mehram,,Female,,,,,
202475,Mehram,,Female,,,,,
202476,Mehram,,Female,,,,,
202477,Mehram,,Female,,,,,
202478,Mehram,,Female,,,,,
202479,Mehram,,Female,,,,,
202480,Mehram,,Female,,,,,
202481,Mehram,,Female,,,,,
202482,Mehram,,Female,,,,,
202483,Mehram,,Female,,,,,
202484,Mehram,,Female,,,,,
202485,Mehram,,Female,,,,,
202486,Mehram,,Female,,,,,
202487,Mehram,,Female,,,,,
202488,Mehram,,Female,,,,,
202489,Mehram,,Female,,,,,
202490,Mehram,,Female,,,,,
202491,Mehram,,Female,,,,,
202492,Mehram,,Female,,,,,
202493,Mehram,,Female,,,,,
202494,Mehram,,Female,,,,,
202495,Mehram,,Female,,,,,
202496,Mehram,,Female,,,,,
202497,Mehram,,Female,,,,,
202498,Mehram,,Female,,,,,
202499,Mehram,,Female,,,,,
221000,Staff,,Male,,,,,
221001,Staff,,Male,,,,,
221002,Staff,,Male,,,,,
221003,Staff,,Male,,,,,
221004,Staff,,Male,,,,,
221005,Staff,,Male,,,,,
221006,Staff,,Male,,,,,
221007,Staff,,Male,,,,,
221008,Staff,,Male,,,,,
221009,Staff,,Male,,,,,
221010,Staff,,Male,,,,,
221011,Staff,,Male,,,,,
221012,Staff,,Male,,,,,
221013,Staff,,Male,,,,,
221014,Staff,,Male,,,,,
221015,Staff,,Male,,,,,
221016,Staff,,Male,,,,,
221017,Staff,,Male,,,,,
221018,Staff,,Male,,,,,
221019,Staff,,Male,,,,,
221020,Staff,,Male,,,,,
221021,Staff,,Male,,,,,
221022,Staff,,Male,,,,,
221023,Staff,,Male,,,,,
221024,Staff,,Male,,,,,
221025,Staff,,Male,,,,,
221026,Staff,,Male,,,,,
221027,Staff,,Male,,,,,
221028,Staff,,Male,,,,,
221029,Staff,,Male,,,,,
221030,Staff,,Male,,,,,
221031,Staff,,Male,,,,,
221032,Staff,,Male,,,,,
221033,Staff,,Male,,,,,
221034,Staff,,Male,,,,,
221035,Staff,,Male,,,,,
221036,Staff,,Male,,,,,
221037,Staff,,Male,,,,,
221038,Staff,,Male,,,,,
221039,Staff,,Male,,,,,
221040,Staff,,Male,,,,,
221041,Staff,,Male,,,,,
221042,Staff,,Male,,,,,
221043,Staff,,Male,,,,,
221044,Staff,,Male,,,,,
221045,Staff,,Male,,,,,
221046,Staff,,Male,,,,,
221047,Staff,,Male,,,,,
221048,Staff,,Male,,,,,
221049,Staff,,Male,,,,,
221050,Staff,,Male,,,,,
221051,Staff,,Male,,,,,
221052,Staff,,Male,,,,,
221053,Staff,,Male,,,,,
221054,Staff,,Male,,,,,
221055,Staff,,Male,,,,,
221056,Staff,,Male,,,,,
221057,Staff,,Male,,,,,
221058,Staff,,Male,,,,,
221059,Staff,,Male,,,,,
221060,Staff,,Male,,,,,
221061,Staff,,Male,,,,,
221062,Staff,,Male,,,,,
221063,Staff,,Male,,,,,
221064,Staff,,Male,,,,,
221065,Staff,,Male,,,,,
221066,Staff,,Male,,,,,
221067,Staff,,Male,,,,,
221068,Staff,,Male,,,,,
221069,Staff,,Male,,,,,
221070,Staff,,Male,,,,,
221071,Staff,,Male,,,,,
221072,Staff,,Male,,,,,
221073,Staff,,Male,,,,,
221074,Staff,,Male,,,,,
221075,Staff,,Male,,,,,
221076,Staff,,Male,,,,,
221077,Staff,,Male,,,,,
221078,Staff,,Male,,,,,
221079,Staff,,Male,,,,,
221080,Staff,,Male,,,,,
221081,Staff,,Male,,,,,
221082,Staff,,Male,,,,,
221083,Staff,,Male,,,,,
221084,Staff,,Male,,,,,
221085,Staff,,Male,,,,,
221086,Staff,,Male,,,,,
221087,Staff,,Male,,,,,
221088,Staff,,Male,,,,,
221089,Staff,,Male,,,,,
221090,Staff,,Male,,,,,
221091,Staff,,Male,,,,,
221092,Staff,,Male,,,,,
221093,Staff,,Male,,,,,
221094,Staff,,Male,,,,,
221095,Staff,,Male,,,,,
221096,Staff,,Male,,,,,
221097,Staff,,Male,,,,,
221098,Staff,,Male,,,,,
221099,Staff,,Male,,,,,
221100,Staff,,Male,,,,,
221101,Staff,,Male,,,,,
221102,Staff,,Male,,,,,
221103,Staff,,Male,,,,,
221104,Staff,,Male,,,,,
221105,Staff,,Male,,,,,
221106,Staff,,Male,,,,,
221107,Staff,,Male,,,,,
221108,Staff,,Male,,,,,
221109,Staff,,Male,,,,,
221110,Staff,,Male,,,,,
221111,Staff,,Male,,,,,
221112,Staff,,Male,,,,,
221113,Staff,,Male,,,,,
221114,Staff,,Male,,,,,
221115,Staff,,Male,,,,,
221116,Staff,,Male,,,,,
221117,Staff,,Male,,,,,
221118,Staff,,Male,,,,,
221119,Staff,,Male,,,,,
221120,Staff,,Male,,,,,
221121,Staff,,Male,,,,,
221122,Staff,,Male,,,,,
221123,Staff,,Male,,,,,
221124,Staff,,Male,,,,,
221125,Staff,,Male,,,,,
221126,Staff,,Male,,,,,
221127,Staff,,Male,,,,,
221128,Staff,,Male,,,,,
221129,Staff,,Male,,,,,
221130,Staff,,Male,,,,,
221131,Staff,,Male,,,,,
221132,Staff,,Male,,,,,
221133,Staff,,Male,,,,,
221134,Staff,,Male,,,,,
221135,Staff,,Male,,,,,
221136,Staff,,Male,,,,,
221137,Staff,,Male,,,,,
221138,Staff,,Male,,,,,
221139,Staff,,Male,,,,,
221140,Staff,,Male,,,,,
221141,Staff,,Male,,,,,
221142,Staff,,Male,,,,,
221143,Staff,,Male,,,,,
221144,Staff,,Male,,,,,
221145,Staff,,Male,,,,,
221146,Staff,,Male,,,,,
221147,Staff,,Male,,,,,
221148,Staff,,Male,,,,,
221149,Staff,,Male,,,,,
221150,Staff,,Female,,,,,
221151,Staff,,Female,,,,,
221152,Staff,,Female,,,,,
221153,Staff,,Female,,,,,
221154,Staff,,Female,,,,,
221155,Staff,,Female,,,,,
221156,Staff,,Female,,,,,
221157,Staff,,Female,,,,,
221158,Staff,,Female,,,,,
221159,Staff,,Female,,,,,
221160,Staff,,Female,,,,,
221161,Staff,,Female,,,,,
221162,Staff,,Female,,,,,
221163,Staff,,Female,,,,,
221164,Staff,,Female,,,,,
221165,Staff,,Female,,,,,
221166,Staff,,Female,,,,,
221167,Staff,,Female,,,,,
221168,Staff,,Female,,,,,
221169,Staff,,Female,,,,,
221170,Staff,,Female,,,,,
221171,Staff,,Female,,,,,
221172,Staff,,Female,,,,,
221173,Staff,,Female,,,,,
221174,Staff,,Female,,,,,
221175,Staff,,Female,,,,,
221176,Staff,,Female,,,,,
221177,Staff,,Female,,,,,
221178,Staff,,Female,,,,,
221179,Staff,,Female,,,,,
221180,Staff,,Female,,,,,
221181,Staff,,Female,,,,,
221182,Staff,,Female,,,,,
221183,Staff,,Female,,,,,
221184,Staff,,Female,,,,,
221185,Staff,,Female,,,,,
221186,Staff,,Female,,,,,
221187,Staff,,Female,,,,,
221188,Staff,,Female,,,,,
221189,Staff,,Female,,,,,
221190,Staff,,Female,,,,,
221191,Staff,,Female,,,,,
221192,Staff,,Female,,,,,
221193,Staff,,Female,,,,,
221194,Staff,,Female,,,,,
221195,Staff,,Female,,,,,
221196,Staff,,Female,,,,,
221197,Staff,,Female,,,,,
221198,Staff,,Female,,,,,
221199,Staff,,Female,,,,,
221200,Staff,,Female,,,,,
221201,Staff,,Female,,,,,
221202,Staff,,Female,,,,,
221203,Staff,,Female,,,,,
221204,Staff,,Female,,,,,
221205,Staff,,Female,,,,,
221206,Staff,,Female,,,,,
221207,Staff,,Female,,,,,
221208,Staff,,Female,,,,,
221209,Staff,,Female,,,,,
221210,Staff,,Female,,,,,
221211,Staff,,Female,,,,,
221212,Staff,,Female,,,,,
221213,Staff,,Female,,,,,
221214,Staff,,Female,,,,,
221215,Staff,,Female,,,,,
221216,Staff,,Female,,,,,
221217,Staff,,Female,,,,,
221218,Staff,,Female,,,,,
221219,Staff,,Female,,,,,
221220,Staff,,Female,,,,,
221221,Staff,,Female,,,,,
221222,Staff,,Female,,,,,
221223,Staff,,Female,,,,,
221224,Staff,,Female,,,,,
221225,Staff,,Female,,,,,
221226,Staff,,Female,,,,,
221227,Staff,,Female,,,,,
221228,Staff,,Female,,,,,
221229,Staff,,Female,,,,,
231000,Volunteers,,Male,,,,,
231001,Volunteers,,Male,,,,,
231002,Volunteers,,Male,,,,,
231003,Volunteers,,Male,,,,,
231004,Volunteers,,Male,,,,,
231005,Volunteers,,Male,,,,,
231006,Volunteers,,Male,,,,,
231007,Volunteers,,Male,,,,,
231008,Volunteers,,Male,,,,,
231009,Volunteers,,Male,,,,,
231010,Volunteers,,Male,,,,,
231011,Volunteers,,Male,,,,,
231012,Volunteers,,Male,,,,,
231013,Volunteers,,Male,,,,,
231014,Volunteers,,Male,,,,,
231015,Volunteers,,Male,,,,,
231016,Volunteers,,Male,,,,,
231017,Volunteers,,Male,,,,,
231018,Volunteers,,Male,,,,,
231019,Volunteers,,Male,,,,,
231020,Volunteers,,Male,,,,,
231021,Volunteers,,Male,,,,,
231022,Volunteers,,Male,,,,,
231023,Volunteers,,Male,,,,,
231024,Volunteers,,Male,,,,,
231025,Volunteers,,Male,,,,,
231026,Volunteers,,Male,,,,,
231027,Volunteers,,Male,,,,,
231028,Volunteers,,Male,,,,,
231029,Volunteers,,Male,,,,,
231030,Volunteers,,Male,,,,,
231031,Volunteers,,Male,,,,,
231032,Volunteers,,Male,,,,,
231033,Volunteers,,Male,,,,,
231034,Volunteers,,Male,,,,,
231035,Volunteers,,Male,,,,,
231036,Volunteers,,Male,,,,,
231037,Volunteers,,Male,,,,,
231038,Volunteers,,Male,,,,,
231039,Volunteers,,Male,,,,,
231040,Volunteers,,Male,,,,,
231041,Volunteers,,Male,,,,,
231042,Volunteers,,Male,,,,,
231043,Volunteers,,Male,,,,,
231044,Volunteers,,Male,,,,,
231045,Volunteers,,Male,,,,,
231046,Volunteers,,Male,,,,,
231047,Volunteers,,Male,,,,,
231048,Volunteers,,Male,,,,,
231049,Volunteers,,Male,,,,,
231050,Volunteers,,Male,,,,,
231051,Volunteers,,Male,,,,,
231052,Volunteers,,Male,,,,,
231053,Volunteers,,Male,,,,,
231054,Volunteers,,Male,,,,,
231055,Volunteers,,Male,,,,,
231056,Volunteers,,Male,,,,,
231057,Volunteers,,Male,,,,,
231058,Volunteers,,Male,,,,,
231059,Volunteers,,Male,,,,,
231060,Volunteers,,Male,,,,,
231061,Volunteers,,Male,,,,,
231062,Volunteers,,Male,,,,,
231063,Volunteers,,Male,,,,,
231064,Volunteers,,Male,,,,,
231065,Volunteers,,Male,,,,,
231066,Volunteers,,Male,,,,,
231067,Volunteers,,Male,,,,,
231068,Volunteers,,Male,,,,,
231069,Volunteers,,Male,,,,,
231070,Volunteers,,Male,,,,,
231071,Volunteers,,Male,,,,,
231072,Volunteers,,Male,,,,,
231073,Volunteers,,Male,,,,,
231074,Volunteers,,Male,,,,,
231075,Volunteers,,Male,,,,,
231076,Volunteers,,Male,,,,,
231077,Volunteers,,Male,,,,,
231078,Volunteers,,Male,,,,,
231079,Volunteers,,Male,,,,,
231080,Volunteers,,Male,,,,,
231081,Volunteers,,Male,,,,,
231082,Volunteers,,Male,,,,,
231083,Volunteers,,Male,,,,,
231084,Volunteers,,Male,,,,,
231085,Volunteers,,Male,,,,,
231086,Volunteers,,Male,,,,,
231087,Volunteers,,Male,,,,,
231088,Volunteers,,Male,,,,,
231089,Volunteers,,Male,,,,,
231090,Volunteers,,Male,,,,,
231091,Volunteers,,Male,,,,,
231092,Volunteers,,Male,,,,,
231093,Volunteers,,Male,,,,,
231094,Volunteers,,Male,,,,,
231095,Volunteers,,Male,,,,,
231096,Volunteers,,Male,,,,,
231097,Volunteers,,Male,,,,,
231098,Volunteers,,Male,,,,,
231099,Volunteers,,Male,,,,,
231100,Volunteers,,Male,,,,,
231101,Volunteers,,Male,,,,,
231102,Volunteers,,Male,,,,,
231103,Volunteers,,Male,,,,,
231104,Volunteers,,Male,,,,,
231105,Volunteers,,Male,,,,,
231106,Volunteers,,Male,,,,,
231107,Volunteers,,Male,,,,,
231108,Volunteers,,Male,,,,,
231109,Volunteers,,Male,,,,,
231110,Volunteers,,Male,,,,,
231111,Volunteers,,Male,,,,,
231112,Volunteers,,Male,,,,,
231113,Volunteers,,Male,,,,,
231114,Volunteers,,Male,,,,,
231115,Volunteers,,Male,,,,,
231116,Volunteers,,Male,,,,,
231117,Volunteers,,Male,,,,,
231118,Volunteers,,Male,,,,,
231119,Volunteers,,Male,,,,,
231120,Volunteers,,Male,,,,,
231121,Volunteers,,Male,,,,,
231122,Volunteers,,Male,,,,,
231123,Volunteers,,Male,,,,,
231124,Volunteers,,Male,,,,,
231125,Volunteers,,Male,,,,,
231126,Volunteers,,Male,,,,,
231127,Volunteers,,Male,,,,,
231128,Volunteers,,Male,,,,,
231129,Volunteers,,Male,,,,,
231130,Volunteers,,Male,,,,,
231131,Volunteers,,Male,,,,,
231132,Volunteers,,Male,,,,,
231133,Volunteers,,Male,,,,,
231134,Volunteers,,Male,,,,,
231135,Volunteers,,Male,,,,,
231136,Volunteers,,Male,,,,,
231137,Volunteers,,Male,,,,,
231138,Volunteers,,Male,,,,,
231139,Volunteers,,Male,,,,,
231140,Volunteers,,Male,,,,,
231141,Volunteers,,Male,,,,,
231142,Volunteers,,Male,,,,,
231143,Volunteers,,Male,,,,,
231144,Volunteers,,Male,,,,,
231145,Volunteers,,Male,,,,,
231146,Volunteers,,Male,,,,,
231147,Volunteers,,Male,,,,,
231148,Volunteers,,Male,,,,,
231149,Volunteers,,Male,,,,,
231150,Volunteers,,Male,,,,,
231151,Volunteers,,Male,,,,,
231152,Volunteers,,Male,,,,,
231153,Volunteers,,Male,,,,,
231154,Volunteers,,Male,,,,,
231155,Volunteers,,Male,,,,,
231156,Volunteers,,Male,,,,,
231157,Volunteers,,Male,,,,,
231158,Volunteers,,Male,,,,,
231159,Volunteers,,Male,,,,,
231160,Volunteers,,Male,,,,,
231161,Volunteers,,Male,,,,,
231162,Volunteers,,Male,,,,,
231163,Volunteers,,Male,,,,,
231164,Volunteers,,Male,,,,,
231165,Volunteers,,Male,,,,,
231166,Volunteers,,Male,,,,,
231167,Volunteers,,Male,,,,,
231168,Volunteers,,Male,,,,,
231169,Volunteers,,Male,,,,,
231170,Volunteers,,Male,,,,,
231171,Volunteers,,Male,,,,,
231172,Volunteers,,Male,,,,,
231173,Volunteers,,Male,,,,,
231174,Volunteers,,Male,,,,,
231175,Volunteers,,Male,,,,,
231176,Volunteers,,Male,,,,,
231177,Volunteers,,Male,,,,,
231178,Volunteers,,Male,,,,,
231179,Volunteers,,Male,,,,,
231180,Volunteers,,Male,,,,,
231181,Volunteers,,Male,,,,,
231182,Volunteers,,Male,,,,,
231183,Volunteers,,Male,,,,,
231184,Volunteers,,Male,,,,,
231185,Volunteers,,Male,,,,,
231186,Volunteers,,Male,,,,,
231187,Volunteers,,Male,,,,,
231188,Volunteers,,Male,,,,,
231189,Volunteers,,Male,,,,,
231190,Volunteers,,Male,,,,,
231191,Volunteers,,Male,,,,,
231192,Volunteers,,Male,,,,,
231193,Volunteers,,Male,,,,,
231194,Volunteers,,Male,,,,,
231195,Volunteers,,Male,,,,,
231196,Volunteers,,Male,,,,,
231197,Volunteers,,Male,,,,,
231198,Volunteers,,Male,,,,,
231199,Volunteers,,Male,,,,,
231200,Volunteers,,Male,,,,,
231201,Volunteers,,Male,,,,,
231202,Volunteers,,Male,,,,,
231203,Volunteers,,Male,,,,,
231204,Volunteers,,Male,,,,,
231205,Volunteers,,Male,,,,,
231206,Volunteers,,Male,,,,,
231207,Volunteers,,Male,,,,,
231208,Volunteers,,Male,,,,,
231209,Volunteers,,Male,,,,,
231210,Volunteers,,Male,,,,,
231211,Volunteers,,Male,,,,,
231212,Volunteers,,Male,,,,,
231213,Volunteers,,Male,,,,,
231214,Volunteers,,Male,,,,,
231215,Volunteers,,Male,,,,,
231216,Volunteers,,Male,,,,,
231217,Volunteers,,Male,,,,,
231218,Volunteers,,Male,,,,,
231219,Volunteers,,Male,,,,,
231220,Volunteers,,Male,,,,,
231221,Volunteers,,Male,,,,,
231222,Volunteers,,Male,,,,,
231223,Volunteers,,Male,,,,,
231224,Volunteers,,Male,,,,,
231225,Volunteers,,Male,,,,,
231226,Volunteers,,Male,,,,,
231227,Volunteers,,Male,,,,,
231228,Volunteers,,Male,,,,,
231229,Volunteers,,Male,,,,,
231230,Volunteers,,Male,,,,,
231231,Volunteers,,Male,,,,,
231232,Volunteers,,Male,,,,,
231233,Volunteers,,Male,,,,,
231234,Volunteers,,Male,,,,,
231235,Volunteers,,Male,,,,,
231236,Volunteers,,Male,,,,,
231237,Volunteers,,Male,,,,,
231238,Volunteers,,Male,,,,,
231239,Volunteers,,Male,,,,,
231240,Volunteers,,Male,,,,,
231241,Volunteers,,Male,,,,,
231242,Volunteers,,Male,,,,,
231243,Volunteers,,Male,,,,,
231244,Volunteers,,Male,,,,,
231245,Volunteers,,Male,,,,,
231246,Volunteers,,Male,,,,,
231247,Volunteers,,Male,,,,,
231248,Volunteers,,Male,,,,,
231249,Volunteers,,Male,,,,,
231250,Volunteers,,Male,,,,,
231251,Volunteers,,Male,,,,,
231252,Volunteers,,Male,,,,,
231253,Volunteers,,Male,,,,,
231254,Volunteers,,Male,,,,,
231255,Volunteers,,Male,,,,,
231256,Volunteers,,Male,,,,,
231257,Volunteers,,Male,,,,,
231258,Volunteers,,Male,,,,,
231259,Volunteers,,Male,,,,,
231260,Volunteers,,Male,,,,,
231261,Volunteers,,Male,,,,,
231262,Volunteers,,Male,,,,,
231263,Volunteers,,Male,,,,,
231264,Volunteers,,Male,,,,,
231265,Volunteers,,Male,,,,,
231266,Volunteers,,Male,,,,,
231267,Volunteers,,Male,,,,,
231268,Volunteers,,Male,,,,,
231269,Volunteers,,Male,,,,,
231270,Volunteers,,Male,,,,,
231271,Volunteers,,Male,,,,,
231272,Volunteers,,Male,,,,,
231273,Volunteers,,Male,,,,,
231274,Volunteers,,Male,,,,,
231275,Volunteers,,Male,,,,,
231276,Volunteers,,Male,,,,,
231277,Volunteers,,Male,,,,,
231278,Volunteers,,Male,,,,,
231279,Volunteers,,Male,,,,,
231280,Volunteers,,Male,,,,,
231281,Volunteers,,Male,,,,,
231282,Volunteers,,Male,,,,,
231283,Volunteers,,Male,,,,,
231284,Volunteers,,Male,,,,,
231285,Volunteers,,Male,,,,,
231286,Volunteers,,Male,,,,,
231287,Volunteers,,Male,,,,,
231288,Volunteers,,Male,,,,,
231289,Volunteers,,Male,,,,,
231290,Volunteers,,Male,,,,,
231291,Volunteers,,Male,,,,,
231292,Volunteers,,Male,,,,,
231293,Volunteers,,Male,,,,,
231294,Volunteers,,Male,,,,,
231295,Volunteers,,Male,,,,,
231296,Volunteers,,Male,,,,,
231297,Volunteers,,Male,,,,,
231298,Volunteers,,Male,,,,,
231299,Volunteers,,Male,,,,,
231300,Volunteers,,Male,,,,,
231301,Volunteers,,Male,,,,,
231302,Volunteers,,Male,,,,,
231303,Volunteers,,Male,,,,,
231304,Volunteers,,Male,,,,,
231305,Volunteers,,Male,,,,,
231306,Volunteers,,Male,,,,,
231307,Volunteers,,Male,,,,,
231308,Volunteers,,Male,,,,,
231309,Volunteers,,Male,,,,,
231310,Volunteers,,Male,,,,,
231311,Volunteers,,Male,,,,,
231312,Volunteers,,Male,,,,,
231313,Volunteers,,Male,,,,,
231314,Volunteers,,Male,,,,,
231315,Volunteers,,Male,,,,,
231316,Volunteers,,Male,,,,,
231317,Volunteers,,Male,,,,,
231318,Volunteers,,Male,,,,,
231319,Volunteers,,Male,,,,,
231320,Volunteers,,Male,,,,,
231321,Volunteers,,Male,,,,,
231322,Volunteers,,Male,,,,,
231323,Volunteers,,Male,,,,,
231324,Volunteers,,Male,,,,,
231325,Volunteers,,Male,,,,,
231326,Volunteers,,Male,,,,,
231327,Volunteers,,Male,,,,,
231328,Volunteers,,Male,,,,,
231329,Volunteers,,Male,,,,,
231330,Volunteers,,Male,,,,,
231331,Volunteers,,Male,,,,,
231332,Volunteers,,Male,,,,,
231333,Volunteers,,Male,,,,,
231334,Volunteers,,Male,,,,,
231335,Volunteers,,Male,,,,,
231336,Volunteers,,Male,,,,,
231337,Volunteers,,Male,,,,,
231338,Volunteers,,Male,,,,,
231339,Volunteers,,Male,,,,,
231340,Volunteers,,Male,,,,,
231341,Volunteers,,Male,,,,,
231342,Volunteers,,Male,,,,,
231343,Volunteers,,Male,,,,,
231344,Volunteers,,Male,,,,,
231345,Volunteers,,Male,,,,,
231346,Volunteers,,Male,,,,,
231347,Volunteers,,Male,,,,,
231348,Volunteers,,Male,,,,,
231349,Volunteers,,Male,,,,,
231350,Volunteers,,Male,,,,,
231351,Volunteers,,Male,,,,,
231352,Volunteers,,Male,,,,,
231353,Volunteers,,Male,,,,,
231354,Volunteers,,Male,,,,,
231355,Volunteers,,Male,,,,,
231356,Volunteers,,Male,,,,,
231357,Volunteers,,Male,,,,,
231358,Volunteers,,Male,,,,,
231359,Volunteers,,Male,,,,,
231360,Volunteers,,Male,,,,,
231361,Volunteers,,Male,,,,,
231362,Volunteers,,Male,,,,,
231363,Volunteers,,Male,,,,,
231364,Volunteers,,Male,,,,,
231365,Volunteers,,Male,,,,,
231366,Volunteers,,Male,,,,,
231367,Volunteers,,Male,,,,,
231368,Volunteers,,Male,,,,,
231369,Volunteers,,Male,,,,,
231370,Volunteers,,Male,,,,,
231371,Volunteers,,Male,,,,,
231372,Volunteers,,Male,,,,,
231373,Volunteers,,Male,,,,,
231374,Volunteers,,Male,,,,,
231375,Volunteers,,Male,,,,,
231376,Volunteers,,Male,,,,,
231377,Volunteers,,Male,,,,,
231378,Volunteers,,Male,,,,,
231379,Volunteers,,Male,,,,,
231380,Volunteers,,Male,,,,,
231381,Volunteers,,Male,,,,,
231382,Volunteers,,Male,,,,,
231383,Volunteers,,Male,,,,,
231384,Volunteers,,Male,,,,,
231385,Volunteers,,Male,,,,,
231386,Volunteers,,Male,,,,,
231387,Volunteers,,Male,,,,,
231388,Volunteers,,Male,,,,,
231389,Volunteers,,Male,,,,,
231390,Volunteers,,Male,,,,,
231391,Volunteers,,Male,,,,,
231392,Volunteers,,Male,,,,,
231393,Volunteers,,Male,,,,,
231394,Volunteers,,Male,,,,,
231395,Volunteers,,Male,,,,,
231396,Volunteers,,Male,,,,,
231397,Volunteers,,Male,,,,,
231398,Volunteers,,Male,,,,,
231399,Volunteers,,Male,,,,,
231400,Volunteers,,Male,,,,,
231401,Volunteers,,Male,,,,,
231402,Volunteers,,Male,,,,,
231403,Volunteers,,Male,,,,,
231404,Volunteers,,Male,,,,,
231405,Volunteers,,Male,,,,,
231406,Volunteers,,Male,,,,,
231407,Volunteers,,Male,,,,,
231408,Volunteers,,Male,,,,,
231409,Volunteers,,Male,,,,,
231410,Volunteers,,Male,,,,,
231411,Volunteers,,Male,,,,,
231412,Volunteers,,Male,,,,,
231413,Volunteers,,Male,,,,,
231414,Volunteers,,Male,,,,,
231415,Volunteers,,Male,,,,,
231416,Volunteers,,Male,,,,,
231417,Volunteers,,Male,,,,,
231418,Volunteers,,Male,,,,,
231419,Volunteers,,Male,,,,,
231420,Volunteers,,Male,,,,,
231421,Volunteers,,Male,,,,,
231422,Volunteers,,Male,,,,,
231423,Volunteers,,Male,,,,,
231424,Volunteers,,Male,,,,,
231425,Volunteers,,Male,,,,,
231426,Volunteers,,Male,,,,,
231427,Volunteers,,Male,,,,,
231428,Volunteers,,Male,,,,,
231429,Volunteers,,Male,,,,,
231430,Volunteers,,Male,,,,,
231431,Volunteers,,Male,,,,,
231432,Volunteers,,Male,,,,,
231433,Volunteers,,Male,,,,,
231434,Volunteers,,Male,,,,,
231435,Volunteers,,Male,,,,,
231436,Volunteers,,Male,,,,,
231437,Volunteers,,Male,,,,,
231438,Volunteers,,Male,,,,,
231439,Volunteers,,Male,,,,,
231440,Volunteers,,Male,,,,,
231441,Volunteers,,Male,,,,,
231442,Volunteers,,Male,,,,,
231443,Volunteers,,Male,,,,,
231444,Volunteers,,Male,,,,,
231445,Volunteers,,Male,,,,,
231446,Volunteers,,Male,,,,,
231447,Volunteers,,Male,,,,,
231448,Volunteers,,Male,,,,,
231449,Volunteers,,Male,,,,,
231450,Volunteers,,Male,,,,,
231451,Volunteers,,Male,,,,,
231452,Volunteers,,Male,,,,,
231453,Volunteers,,Male,,,,,
231454,Volunteers,,Male,,,,,
231455,Volunteers,,Male,,,,,
231456,Volunteers,,Male,,,,,
231457,Volunteers,,Male,,,,,
231458,Volunteers,,Male,,,,,
231459,Volunteers,,Male,,,,,
231460,Volunteers,,Male,,,,,
231461,Volunteers,,Male,,,,,
231462,Volunteers,,Male,,,,,
231463,Volunteers,,Male,,,,,
231464,Volunteers,,Male,,,,,
231465,Volunteers,,Male,,,,,
231466,Volunteers,,Male,,,,,
231467,Volunteers,,Male,,,,,
231468,Volunteers,,Male,,,,,
231469,Volunteers,,Male,,,,,
231470,Volunteers,,Male,,,,,
231471,Volunteers,,Male,,,,,
231472,Volunteers,,Male,,,,,
231473,Volunteers,,Male,,,,,
231474,Volunteers,,Male,,,,,
231475,Volunteers,,Male,,,,,
231476,Volunteers,,Male,,,,,
231477,Volunteers,,Male,,,,,
231478,Volunteers,,Male,,,,,
231479,Volunteers,,Male,,,,,
231480,Volunteers,,Male,,,,,
231481,Volunteers,,Male,,,,,
231482,Volunteers,,Male,,,,,
231483,Volunteers,,Male,,,,,
231484,Volunteers,,Male,,,,,
231485,Volunteers,,Male,,,,,
231486,Volunteers,,Male,,,,,
231487,Volunteers,,Male,,,,,
231488,Volunteers,,Male,,,,,
231489,Volunteers,,Male,,,,,
231490,Volunteers,,Male,,,,,
231491,Volunteers,,Male,,,,,
231492,Volunteers,,Male,,,,,
231493,Volunteers,,Male,,,,,
231494,Volunteers,,Male,,,,,
231495,Volunteers,,Male,,,,,
231496,Volunteers,,Male,,,,,
231497,Volunteers,,Male,,,,,
231498,Volunteers,,Male,,,,,
231499,Volunteers,,Male,,,,,
231500,Volunteers,,Male,,,,,
231501,Volunteers,,Male,,,,,
231502,Volunteers,,Male,,,,,
231503,Volunteers,,Male,,,,,
231504,Volunteers,,Male,,,,,
231505,Volunteers,,Male,,,,,
231506,Volunteers,,Male,,,,,
231507,Volunteers,,Male,,,,,
231508,Volunteers,,Male,,,,,
231509,Volunteers,,Male,,,,,
231510,Volunteers,,Male,,,,,
231511,Volunteers,,Male,,,,,
231512,Volunteers,,Male,,,,,
231513,Volunteers,,Male,,,,,
231514,Volunteers,,Male,,,,,
231515,Volunteers,,Male,,,,,
231516,Volunteers,,Male,,,,,
231517,Volunteers,,Male,,,,,
231518,Volunteers,,Male,,,,,
231519,Volunteers,,Male,,,,,
231520,Volunteers,,Male,,,,,
231521,Volunteers,,Male,,,,,
231522,Volunteers,,Male,,,,,
231523,Volunteers,,Male,,,,,
231524,Volunteers,,Male,,,,,
231525,Volunteers,,Male,,,,,
231526,Volunteers,,Male,,,,,
231527,Volunteers,,Male,,,,,
231528,Volunteers,,Male,,,,,
231529,Volunteers,,Male,,,,,
231530,Volunteers,,Male,,,,,
231531,Volunteers,,Male,,,,,
231532,Volunteers,,Male,,,,,
231533,Volunteers,,Male,,,,,
231534,Volunteers,,Male,,,,,
231535,Volunteers,,Male,,,,,
231536,Volunteers,,Male,,,,,
231537,Volunteers,,Male,,,,,
231538,Volunteers,,Male,,,,,
231539,Volunteers,,Male,,,,,
231540,Volunteers,,Male,,,,,
231541,Volunteers,,Male,,,,,
231542,Volunteers,,Male,,,,,
231543,Volunteers,,Male,,,,,
231544,Volunteers,,Male,,,,,
231545,Volunteers,,Male,,,,,
231546,Volunteers,,Male,,,,,
231547,Volunteers,,Male,,,,,
231548,Volunteers,,Male,,,,,
231549,Volunteers,,Male,,,,,
231550,Volunteers,,Male,,,,,
231551,Volunteers,,Male,,,,,
231552,Volunteers,,Male,,,,,
231553,Volunteers,,Male,,,,,
231554,Volunteers,,Male,,,,,
231555,Volunteers,,Male,,,,,
231556,Volunteers,,Male,,,,,
231557,Volunteers,,Male,,,,,
231558,Volunteers,,Male,,,,,
231559,Volunteers,,Male,,,,,
231560,Volunteers,,Male,,,,,
231561,Volunteers,,Male,,,,,
231562,Volunteers,,Male,,,,,
231563,Volunteers,,Male,,,,,
231564,Volunteers,,Male,,,,,
231565,Volunteers,,Male,,,,,
231566,Volunteers,,Male,,,,,
231567,Volunteers,,Male,,,,,
231568,Volunteers,,Male,,,,,
231569,Volunteers,,Male,,,,,
231570,Volunteers,,Male,,,,,
231571,Volunteers,,Male,,,,,
231572,Volunteers,,Male,,,,,
231573,Volunteers,,Male,,,,,
231574,Volunteers,,Male,,,,,
231575,Volunteers,,Male,,,,,
231576,Volunteers,,Male,,,,,
231577,Volunteers,,Male,,,,,
231578,Volunteers,,Male,,,,,
231579,Volunteers,,Male,,,,,
231580,Volunteers,,Male,,,,,
231581,Volunteers,,Male,,,,,
231582,Volunteers,,Male,,,,,
231583,Volunteers,,Male,,,,,
231584,Volunteers,,Male,,,,,
231585,Volunteers,,Male,,,,,
231586,Volunteers,,Male,,,,,
231587,Volunteers,,Male,,,,,
231588,Volunteers,,Male,,,,,
231589,Volunteers,,Male,,,,,
231590,Volunteers,,Male,,,,,
231591,Volunteers,,Male,,,,,
231592,Volunteers,,Male,,,,,
231593,Volunteers,,Male,,,,,
231594,Volunteers,,Male,,,,,
231595,Volunteers,,Male,,,,,
231596,Volunteers,,Male,,,,,
231597,Volunteers,,Male,,,,,
231598,Volunteers,,Male,,,,,
231599,Volunteers,,Male,,,,,
231600,Volunteers,,Male,,,,,
231601,Volunteers,,Male,,,,,
231602,Volunteers,,Male,,,,,
231603,Volunteers,,Male,,,,,
231604,Volunteers,,Male,,,,,
231605,Volunteers,,Male,,,,,
231606,Volunteers,,Male,,,,,
231607,Volunteers,,Male,,,,,
231608,Volunteers,,Male,,,,,
231609,Volunteers,,Male,,,,,
231610,Volunteers,,Male,,,,,
231611,Volunteers,,Male,,,,,
231612,Volunteers,,Male,,,,,
231613,Volunteers,,Male,,,,,
231614,Volunteers,,Male,,,,,
231615,Volunteers,,Male,,,,,
231616,Volunteers,,Male,,,,,
231617,Volunteers,,Male,,,,,
231618,Volunteers,,Male,,,,,
231619,Volunteers,,Male,,,,,
231620,Volunteers,,Male,,,,,
231621,Volunteers,,Male,,,,,
231622,Volunteers,,Male,,,,,
231623,Volunteers,,Male,,,,,
231624,Volunteers,,Male,,,,,
231625,Volunteers,,Male,,,,,
231626,Volunteers,,Male,,,,,
231627,Volunteers,,Male,,,,,
231628,Volunteers,,Male,,,,,
231629,Volunteers,,Male,,,,,
231630,Volunteers,,Male,,,,,
231631,Volunteers,,Male,,,,,
231632,Volunteers,,Male,,,,,
231633,Volunteers,,Male,,,,,
231634,Volunteers,,Male,,,,,
231635,Volunteers,,Male,,,,,
231636,Volunteers,,Male,,,,,
231637,Volunteers,,Male,,,,,
231638,Volunteers,,Male,,,,,
231639,Volunteers,,Male,,,,,
231640,Volunteers,,Male,,,,,
231641,Volunteers,,Male,,,,,
231642,Volunteers,,Male,,,,,
231643,Volunteers,,Male,,,,,
231644,Volunteers,,Male,,,,,
231645,Volunteers,,Male,,,,,
231646,Volunteers,,Male,,,,,
231647,Volunteers,,Male,,,,,
231648,Volunteers,,Male,,,,,
231649,Volunteers,,Male,,,,,
231650,Volunteers,,Male,,,,,
231651,Volunteers,,Male,,,,,
231652,Volunteers,,Male,,,,,
231653,Volunteers,,Male,,,,,
231654,Volunteers,,Male,,,,,
231655,Volunteers,,Male,,,,,
231656,Volunteers,,Male,,,,,
231657,Volunteers,,Male,,,,,
231658,Volunteers,,Male,,,,,
231659,Volunteers,,Male,,,,,
231660,Volunteers,,Male,,,,,
231661,Volunteers,,Male,,,,,
231662,Volunteers,,Male,,,,,
231663,Volunteers,,Male,,,,,
231664,Volunteers,,Male,,,,,
231665,Volunteers,,Male,,,,,
231666,Volunteers,,Male,,,,,
231667,Volunteers,,Male,,,,,
231668,Volunteers,,Male,,,,,
231669,Volunteers,,Male,,,,,
231670,Volunteers,,Male,,,,,
231671,Volunteers,,Male,,,,,
231672,Volunteers,,Male,,,,,
231673,Volunteers,,Male,,,,,
231674,Volunteers,,Male,,,,,
231675,Volunteers,,Male,,,,,
231676,Volunteers,,Male,,,,,
231677,Volunteers,,Male,,,,,
231678,Volunteers,,Male,,,,,
231679,Volunteers,,Male,,,,,
231680,Volunteers,,Male,,,,,
231681,Volunteers,,Male,,,,,
231682,Volunteers,,Male,,,,,
231683,Volunteers,,Male,,,,,
231684,Volunteers,,Male,,,,,
231685,Volunteers,,Male,,,,,
231686,Volunteers,,Male,,,,,
231687,Volunteers,,Male,,,,,
231688,Volunteers,,Male,,,,,
231689,Volunteers,,Male,,,,,
231690,Volunteers,,Male,,,,,
231691,Volunteers,,Male,,,,,
231692,Volunteers,,Male,,,,,
231693,Volunteers,,Male,,,,,
231694,Volunteers,,Male,,,,,
231695,Volunteers,,Male,,,,,
231696,Volunteers,,Male,,,,,
231697,Volunteers,,Male,,,,,
231698,Volunteers,,Male,,,,,
231699,Volunteers,,Male,,,,,
231700,Volunteers,,Male,,,,,
231701,Volunteers,,Male,,,,,
231702,Volunteers,,Male,,,,,
231703,Volunteers,,Male,,,,,
231704,Volunteers,,Male,,,,,
231705,Volunteers,,Male,,,,,
231706,Volunteers,,Male,,,,,
231707,Volunteers,,Male,,,,,
231708,Volunteers,,Male,,,,,
231709,Volunteers,,Male,,,,,
231710,Volunteers,,Male,,,,,
231711,Volunteers,,Male,,,,,
231712,Volunteers,,Male,,,,,
231713,Volunteers,,Male,,,,,
231714,Volunteers,,Male,,,,,
231715,Volunteers,,Male,,,,,
231716,Volunteers,,Male,,,,,
231717,Volunteers,,Male,,,,,
231718,Volunteers,,Male,,,,,
231719,Volunteers,,Male,,,,,
231720,Volunteers,,Male,,,,,
231721,Volunteers,,Male,,,,,
231722,Volunteers,,Male,,,,,
231723,Volunteers,,Male,,,,,
231724,Volunteers,,Male,,,,,
231725,Volunteers,,Male,,,,,
231726,Volunteers,,Male,,,,,
231727,Volunteers,,Male,,,,,
231728,Volunteers,,Male,,,,,
231729,Volunteers,,Male,,,,,
231730,Volunteers,,Male,,,,,
231731,Volunteers,,Male,,,,,
231732,Volunteers,,Male,,,,,
231733,Volunteers,,Male,,,,,
231734,Volunteers,,Male,,,,,
231735,Volunteers,,Male,,,,,
231736,Volunteers,,Male,,,,,
231737,Volunteers,,Male,,,,,
231738,Volunteers,,Male,,,,,
231739,Volunteers,,Male,,,,,
231740,Volunteers,,Male,,,,,
231741,Volunteers,,Male,,,,,
231742,Volunteers,,Male,,,,,
231743,Volunteers,,Male,,,,,
231744,Volunteers,,Male,,,,,
231745,Volunteers,,Male,,,,,
231746,Volunteers,,Male,,,,,
231747,Volunteers,,Male,,,,,
231748,Volunteers,,Male,,,,,
231749,Volunteers,,Male,,,,,
231750,Volunteers,,Female,,,,,
231751,Volunteers,,Female,,,,,
231752,Volunteers,,Female,,,,,
231753,Volunteers,,Female,,,,,
231754,Volunteers,,Female,,,,,
231755,Volunteers,,Female,,,,,
231756,Volunteers,,Female,,,,,
231757,Volunteers,,Female,,,,,
231758,Volunteers,,Female,,,,,
231759,Volunteers,,Female,,,,,
231760,Volunteers,,Female,,,,,
231761,Volunteers,,Female,,,,,
231762,Volunteers,,Female,,,,,
231763,Volunteers,,Female,,,,,
231764,Volunteers,,Female,,,,,
231765,Volunteers,,Female,,,,,
231766,Volunteers,,Female,,,,,
231767,Volunteers,,Female,,,,,
231768,Volunteers,,Female,,,,,
231769,Volunteers,,Female,,,,,
231770,Volunteers,,Female,,,,,
231771,Volunteers,,Female,,,,,
231772,Volunteers,,Female,,,,,
231773,Volunteers,,Female,,,,,
231774,Volunteers,,Female,,,,,
231775,Volunteers,,Female,,,,,
231776,Volunteers,,Female,,,,,
231777,Volunteers,,Female,,,,,
231778,Volunteers,,Female,,,,,
231779,Volunteers,,Female,,,,,
231780,Volunteers,,Female,,,,,
231781,Volunteers,,Female,,,,,
231782,Volunteers,,Female,,,,,
231783,Volunteers,,Female,,,,,
231784,Volunteers,,Female,,,,,
231785,Volunteers,,Female,,,,,
231786,Volunteers,,Female,,,,,
231787,Volunteers,,Female,,,,,
231788,Volunteers,,Female,,,,,
231789,Volunteers,,Female,,,,,
231790,Volunteers,,Female,,,,,
231791,Volunteers,,Female,,,,,
231792,Volunteers,,Female,,,,,
231793,Volunteers,,Female,,,,,
231794,Volunteers,,Female,,,,,
231795,Volunteers,,Female,,,,,
231796,Volunteers,,Female,,,,,
231797,Volunteers,,Female,,,,,
231798,Volunteers,,Female,,,,,
231799,Volunteers,,Female,,,,,
231800,Volunteers,,Female,,,,,
231801,Volunteers,,Female,,,,,
231802,Volunteers,,Female,,,,,
231803,Volunteers,,Female,,,,,
231804,Volunteers,,Female,,,,,
231805,Volunteers,,Female,,,,,
231806,Volunteers,,Female,,,,,
231807,Volunteers,,Female,,,,,
231808,Volunteers,,Female,,,,,
231809,Volunteers,,Female,,,,,
231810,Volunteers,,Female,,,,,
231811,Volunteers,,Female,,,,,
231812,Volunteers,,Female,,,,,
231813,Volunteers,,Female,,,,,
231814,Volunteers,,Female,,,,,
231815,Volunteers,,Female,,,,,
231816,Volunteers,,Female,,,,,
231817,Volunteers,,Female,,,,,
231818,Volunteers,,Female,,,,,
231819,Volunteers,,Female,,,,,
231820,Volunteers,,Female,,,,,
231821,Volunteers,,Female,,,,,
231822,Volunteers,,Female,,,,,
231823,Volunteers,,Female,,,,,
231824,Volunteers,,Female,,,,,
231825,Volunteers,,Female,,,,,
231826,Volunteers,,Female,,,,,
231827,Volunteers,,Female,,,,,
231828,Volunteers,,Female,,,,,
231829,Volunteers,,Female,,,,,
231830,Volunteers,,Female,,,,,
231831,Volunteers,,Female,,,,,
231832,Volunteers,,Female,,,,,
231833,Volunteers,,Female,,,,,
231834,Volunteers,,Female,,,,,
231835,Volunteers,,Female,,,,,
231836,Volunteers,,Female,,,,,
231837,Volunteers,,Female,,,,,
231838,Volunteers,,Female,,,,,
231839,Volunteers,,Female,,,,,
231840,Volunteers,,Female,,,,,
231841,Volunteers,,Female,,,,,
231842,Volunteers,,Female,,,,,
231843,Volunteers,,Female,,,,,
231844,Volunteers,,Female,,,,,
231845,Volunteers,,Female,,,,,
231846,Volunteers,,Female,,,,,
231847,Volunteers,,Female,,,,,
231848,Volunteers,,Female,,,,,
231849,Volunteers,,Female,,,,,
231850,Volunteers,,Female,,,,,
231851,Volunteers,,Female,,,,,
231852,Volunteers,,Female,,,,,
231853,Volunteers,,Female,,,,,
231854,Volunteers,,Female,,,,,
231855,Volunteers,,Female,,,,,
231856,Volunteers,,Female,,,,,
231857,Volunteers,,Female,,,,,
231858,Volunteers,,Female,,,,,
231859,Volunteers,,Female,,,,,
231860,Volunteers,,Female,,,,,
231861,Volunteers,,Female,,,,,
231862,Volunteers,,Female,,,,,
231863,Volunteers,,Female,,,,,
231864,Volunteers,,Female,,,,,
231865,Volunteers,,Female,,,,,
231866,Volunteers,,Female,,,,,
231867,Volunteers,,Female,,,,,
231868,Volunteers,,Female,,,,,
231869,Volunteers,,Female,,,,,
231870,Volunteers,,Female,,,,,
231871,Volunteers,,Female,,,,,
231872,Volunteers,,Female,,,,,
231873,Volunteers,,Female,,,,,
231874,Volunteers,,Female,,,,,
231875,Volunteers,,Female,,,,,
231876,Volunteers,,Female,,,,,
231877,Volunteers,,Female,,,,,
231878,Volunteers,,Female,,,,,
231879,Volunteers,,Female,,,,,
231880,Volunteers,,Female,,,,,
231881,Volunteers,,Female,,,,,
231882,Volunteers,,Female,,,,,
231883,Volunteers,,Female,,,,,
231884,Volunteers,,Female,,,,,
231885,Volunteers,,Female,,,,,
231886,Volunteers,,Female,,,,,
231887,Volunteers,,Female,,,,,
231888,Volunteers,,Female,,,,,
231889,Volunteers,,Female,,,,,
231890,Volunteers,,Female,,,,,
231891,Volunteers,,Female,,,,,
231892,Volunteers,,Female,,,,,
231893,Volunteers,,Female,,,,,
231894,Volunteers,,Female,,,,,
231895,Volunteers,,Female,,,,,
231896,Volunteers,,Female,,,,,
231897,Volunteers,,Female,,,,,
231898,Volunteers,,Female,,,,,
231899,Volunteers,,Female,,,,,
231900,Volunteers,,Female,,,,,
231901,Volunteers,,Female,,,,,
231902,Volunteers,,Female,,,,,
231903,Volunteers,,Female,,,,,
231904,Volunteers,,Female,,,,,
231905,Volunteers,,Female,,,,,
231906,Volunteers,,Female,,,,,
231907,Volunteers,,Female,,,,,
231908,Volunteers,,Female,,,,,
231909,Volunteers,,Female,,,,,
231910,Volunteers,,Female,,,,,
231911,Volunteers,,Female,,,,,
231912,Volunteers,,Female,,,,,
231913,Volunteers,,Female,,,,,
231914,Volunteers,,Female,,,,,
231915,Volunteers,,Female,,,,,
231916,Volunteers,,Female,,,,,
231917,Volunteers,,Female,,,,,
231918,Volunteers,,Female,,,,,
231919,Volunteers,,Female,,,,,
231920,Volunteers,,Female,,,,,
231921,Volunteers,,Female,,,,,
231922,Volunteers,,Female,,,,,
231923,Volunteers,,Female,,,,,
231924,Volunteers,,Female,,,,,
231925,Volunteers,,Female,,,,,
231926,Volunteers,,Female,,,,,
231927,Volunteers,,Female,,,,,
231928,Volunteers,,Female,,,,,
231929,Volunteers,,Female,,,,,
231930,Volunteers,,Female,,,,,
231931,Volunteers,,Female,,,,,
231932,Volunteers,,Female,,,,,
231933,Volunteers,,Female,,,,,
231934,Volunteers,,Female,,,,,
231935,Volunteers,,Female,,,,,
231936,Volunteers,,Female,,,,,
231937,Volunteers,,Female,,,,,
231938,Volunteers,,Female,,,,,
231939,Volunteers,,Female,,,,,
231940,Volunteers,,Female,,,,,
231941,Volunteers,,Female,,,,,
231942,Volunteers,,Female,,,,,
231943,Volunteers,,Female,,,,,
231944,Volunteers,,Female,,,,,
231945,Volunteers,,Female,,,,,
231946,Volunteers,,Female,,,,,
231947,Volunteers,,Female,,,,,
231948,Volunteers,,Female,,,,,
231949,Volunteers,,Female,,,,,
231950,Volunteers,,Female,,,,,
231951,Volunteers,,Female,,,,,
231952,Volunteers,,Female,,,,,
231953,Volunteers,,Female,,,,,
231954,Volunteers,,Female,,,,,
231955,Volunteers,,Female,,,,,
231956,Volunteers,,Female,,,,,
231957,Volunteers,,Female,,,,,
231958,Volunteers,,Female,,,,,
231959,Volunteers,,Female,,,,,
231960,Volunteers,,Female,,,,,
231961,Volunteers,,Female,,,,,
231962,Volunteers,,Female,,,,,
231963,Volunteers,,Female,,,,,
231964,Volunteers,,Female,,,,,
231965,Volunteers,,Female,,,,,
231966,Volunteers,,Female,,,,,
231967,Volunteers,,Female,,,,,
231968,Volunteers,,Female,,,,,
231969,Volunteers,,Female,,,,,
231970,Volunteers,,Female,,,,,
231971,Volunteers,,Female,,,,,
231972,Volunteers,,Female,,,,,
231973,Volunteers,,Female,,,,,
231974,Volunteers,,Female,,,,,
231975,Volunteers,,Female,,,,,
231976,Volunteers,,Female,,,,,
231977,Volunteers,,Female,,,,,
231978,Volunteers,,Female,,,,,
231979,Volunteers,,Female,,,,,
231980,Volunteers,,Female,,,,,
231981,Volunteers,,Female,,,,,
231982,Volunteers,,Female,,,,,
231983,Volunteers,,Female,,,,,
231984,Volunteers,,Female,,,,,
231985,Volunteers,,Female,,,,,
231986,Volunteers,,Female,,,,,
231987,Volunteers,,Female,,,,,
231988,Volunteers,,Female,,,,,
231989,Volunteers,,Female,,,,,
231990,Volunteers,,Female,,,,,
231991,Volunteers,,Female,,,,,
231992,Volunteers,,Female,,,,,
231993,Volunteers,,Female,,,,,
231994,Volunteers,,Female,,,,,
231995,Volunteers,,Female,,,,,
231996,Volunteers,,Female,,,,,
231997,Volunteers,,Female,,,,,
231998,Volunteers,,Female,,,,,
231999,Volunteers,,Female,,,,,
232000,Volunteers,,Female,,,,,
232001,Volunteers,,Female,,,,,
232002,Volunteers,,Female,,,,,
232003,Volunteers,,Female,,,,,
232004,Volunteers,,Female,,,,,
232005,Volunteers,,Female,,,,,
232006,Volunteers,,Female,,,,,
232007,Volunteers,,Female,,,,,
232008,Volunteers,,Female,,,,,
232009,Volunteers,,Female,,,,,
232010,Volunteers,,Female,,,,,
232011,Volunteers,,Female,,,,,
232012,Volunteers,,Female,,,,,
232013,Volunteers,,Female,,,,,
232014,Volunteers,,Female,,,,,
232015,Volunteers,,Female,,,,,
232016,Volunteers,,Female,,,,,
232017,Volunteers,,Female,,,,,
232018,Volunteers,,Female,,,,,
232019,Volunteers,,Female,,,,,
232020,Volunteers,,Female,,,,,
232021,Volunteers,,Female,,,,,
232022,Volunteers,,Female,,,,,
232023,Volunteers,,Female,,,,,
232024,Volunteers,,Female,,,,,
232025,Volunteers,,Female,,,,,
232026,Volunteers,,Female,,,,,
232027,Volunteers,,Female,,,,,
232028,Volunteers,,Female,,,,,
232029,Volunteers,,Female,,,,,
232030,Volunteers,,Female,,,,,
232031,Volunteers,,Female,,,,,
232032,Volunteers,,Female,,,,,
232033,Volunteers,,Female,,,,,
232034,Volunteers,,Female,,,,,
232035,Volunteers,,Female,,,,,
232036,Volunteers,,Female,,,,,
232037,Volunteers,,Female,,,,,
232038,Volunteers,,Female,,,,,
232039,Volunteers,,Female,,,,,
232040,Volunteers,,Female,,,,,
232041,Volunteers,,Female,,,,,
232042,Volunteers,,Female,,,,,
232043,Volunteers,,Female,,,,,
232044,Volunteers,,Female,,,,,
232045,Volunteers,,Female,,,,,
232046,Volunteers,,Female,,,,,
232047,Volunteers,,Female,,,,,
232048,Volunteers,,Female,,,,,
232049,Volunteers,,Female,,,,,
232050,Volunteers,,Female,,,,,
232051,Volunteers,,Female,,,,,
232052,Volunteers,,Female,,,,,
232053,Volunteers,,Female,,,,,
232054,Volunteers,,Female,,,,,
232055,Volunteers,,Female,,,,,
232056,Volunteers,,Female,,,,,
232057,Volunteers,,Female,,,,,
232058,Volunteers,,Female,,,,,
232059,Volunteers,,Female,,,,,
232060,Volunteers,,Female,,,,,
232061,Volunteers,,Female,,,,,
232062,Volunteers,,Female,,,,,
232063,Volunteers,,Female,,,,,
232064,Volunteers,,Female,,,,,
232065,Volunteers,,Female,,,,,
232066,Volunteers,,Female,,,,,
232067,Volunteers,,Female,,,,,
232068,Volunteers,,Female,,,,,
232069,Volunteers,,Female,,,,,
232070,Volunteers,,Female,,,,,
232071,Volunteers,,Female,,,,,
232072,Volunteers,,Female,,,,,
232073,Volunteers,,Female,,,,,
232074,Volunteers,,Female,,,,,
232075,Volunteers,,Female,,,,,
232076,Volunteers,,Female,,,,,
232077,Volunteers,,Female,,,,,
232078,Volunteers,,Female,,,,,
232079,Volunteers,,Female,,,,,
232080,Volunteers,,Female,,,,,
232081,Volunteers,,Female,,,,,
232082,Volunteers,,Female,,,,,
232083,Volunteers,,Female,,,,,
232084,Volunteers,,Female,,,,,
232085,Volunteers,,Female,,,,,
232086,Volunteers,,Female,,,,,
232087,Volunteers,,Female,,,,,
232088,Volunteers,,Female,,,,,
232089,Volunteers,,Female,,,,,
232090,Volunteers,,Female,,,,,
232091,Volunteers,,Female,,,,,
232092,Volunteers,,Female,,,,,
232093,Volunteers,,Female,,,,,
232094,Volunteers,,Female,,,,,
232095,Volunteers,,Female,,,,,
232096,Volunteers,,Female,,,,,
232097,Volunteers,,Female,,,,,
232098,Volunteers,,Female,,,,,
232099,Volunteers,,Female,,,,,
232100,Volunteers,,Female,,,,,
232101,Volunteers,,Female,,,,,
232102,Volunteers,,Female,,,,,
232103,Volunteers,,Female,,,,,
232104,Volunteers,,Female,,,,,
232105,Volunteers,,Female,,,,,
232106,Volunteers,,Female,,,,,
232107,Volunteers,,Female,,,,,
232108,Volunteers,,Female,,,,,
232109,Volunteers,,Female,,,,,
232110,Volunteers,,Female,,,,,
232111,Volunteers,,Female,,,,,
232112,Volunteers,,Female,,,,,
232113,Volunteers,,Female,,,,,
232114,Volunteers,,Female,,,,,
232115,Volunteers,,Female,,,,,
232116,Volunteers,,Female,,,,,
232117,Volunteers,,Female,,,,,
232118,Volunteers,,Female,,,,,
232119,Volunteers,,Female,,,,,
232120,Volunteers,,Female,,,,,
232121,Volunteers,,Female,,,,,
232122,Volunteers,,Female,,,,,
232123,Volunteers,,Female,,,,,
232124,Volunteers,,Female,,,,,
232125,Volunteers,,Female,,,,,
232126,Volunteers,,Female,,,,,
232127,Volunteers,,Female,,,,,
232128,Volunteers,,Female,,,,,
232129,Volunteers,,Female,,,,,
232130,Volunteers,,Female,,,,,
232131,Volunteers,,Female,,,,,
232132,Volunteers,,Female,,,,,
232133,Volunteers,,Female,,,,,
232134,Volunteers,,Female,,,,,
232135,Volunteers,,Female,,,,,
232136,Volunteers,,Female,,,,,
232137,Volunteers,,Female,,,,,
232138,Volunteers,,Female,,,,,
232139,Volunteers,,Female,,,,,
232140,Volunteers,,Female,,,,,
232141,Volunteers,,Female,,,,,
232142,Volunteers,,Female,,,,,
232143,Volunteers,,Female,,,,,
232144,Volunteers,,Female,,,,,
232145,Volunteers,,Female,,,,,
232146,Volunteers,,Female,,,,,
232147,Volunteers,,Female,,,,,
232148,Volunteers,,Female,,,,,
232149,Volunteers,,Female,,,,,
232150,Volunteers,,Female,,,,,
232151,Volunteers,,Female,,,,,
232152,Volunteers,,Female,,,,,
232153,Volunteers,,Female,,,,,
232154,Volunteers,,Female,,,,,
232155,Volunteers,,Female,,,,,
232156,Volunteers,,Female,,,,,
232157,Volunteers,,Female,,,,,
232158,Volunteers,,Female,,,,,
232159,Volunteers,,Female,,,,,
232160,Volunteers,,Female,,,,,
232161,Volunteers,,Female,,,,,
232162,Volunteers,,Female,,,,,
232163,Volunteers,,Female,,,,,
232164,Volunteers,,Female,,,,,
232165,Volunteers,,Female,,,,,
232166,Volunteers,,Female,,,,,
232167,Volunteers,,Female,,,,,
232168,Volunteers,,Female,,,,,
232169,Volunteers,,Female,,,,,
232170,Volunteers,,Female,,,,,
232171,Volunteers,,Female,,,,,
232172,Volunteers,,Female,,,,,
232173,Volunteers,,Female,,,,,
232174,Volunteers,,Female,,,,,
232175,Volunteers,,Female,,,,,
232176,Volunteers,,Female,,,,,
232177,Volunteers,,Female,,,,,
232178,Volunteers,,Female,,,,,
232179,Volunteers,,Female,,,,,
232180,Volunteers,,Female,,,,,
232181,Volunteers,,Female,,,,,
232182,Volunteers,,Female,,,,,
232183,Volunteers,,Female,,,,,
232184,Volunteers,,Female,,,,,
232185,Volunteers,,Female,,,,,
232186,Volunteers,,Female,,,,,
232187,Volunteers,,Female,,,,,
232188,Volunteers,,Female,,,,,
232189,Volunteers,,Female,,,,,
232190,Volunteers,,Female,,,,,
232191,Volunteers,,Female,,,,,
232192,Volunteers,,Female,,,,,
232193,Volunteers,,Female,,,,,
232194,Volunteers,,Female,,,,,
232195,Volunteers,,Female,,,,,
232196,Volunteers,,Female,,,,,
232197,Volunteers,,Female,,,,,
232198,Volunteers,,Female,,,,,
241000,Security,,Male,,,,,
241001,Security,,Male,,,,,
241002,Security,,Male,,,,,
241003,Security,,Male,,,,,
241004,Security,,Male,,,,,
241005,Security,,Male,,,,,
241006,Security,,Male,,,,,
241007,Security,,Male,,,,,
241008,Security,,Male,,,,,
241009,Security,,Male,,,,,
241010,Security,,Male,,,,,
241011,Security,,Male,,,,,
241012,Security,,Male,,,,,
241013,Security,,Male,,,,,
241014,Security,,Male,,,,,
241015,Security,,Male,,,,,
241016,Security,,Male,,,,,
241017,Security,,Male,,,,,
241018,Security,,Male,,,,,
241019,Security,,Male,,,,,
241020,Security,,Male,,,,,
241021,Security,,Male,,,,,
241022,Security,,Male,,,,,
241023,Security,,Male,,,,,
241024,Security,,Male,,,,,
241025,Security,,Male,,,,,
241026,Security,,Male,,,,,
241027,Security,,Male,,,,,
241028,Security,,Male,,,,,
241029,Security,,Male,,,,,
241030,Security,,Male,,,,,
241031,Security,,Male,,,,,
241032,Security,,Male,,,,,
241033,Security,,Male,,,,,
241034,Security,,Male,,,,,
241035,Security,,Male,,,,,
241036,Security,,Male,,,,,
241037,Security,,Male,,,,,
241038,Security,,Male,,,,,
241039,Security,,Male,,,,,
241040,Security,,Male,,,,,
241041,Security,,Male,,,,,
241042,Security,,Male,,,,,
241043,Security,,Male,,,,,
241044,Security,,Male,,,,,
241045,Security,,Male,,,,,
241046,Security,,Male,,,,,
241047,Security,,Male,,,,,
241048,Security,,Male,,,,,
241049,Security,,Male,,,,,
241050,Security,,Male,,,,,
241051,Security,,Male,,,,,
241052,Security,,Male,,,,,
241053,Security,,Male,,,,,
241054,Security,,Male,,,,,
241055,Security,,Male,,,,,
241056,Security,,Male,,,,,
241057,Security,,Male,,,,,
241058,Security,,Male,,,,,
241059,Security,,Male,,,,,
241060,Security,,Male,,,,,
241061,Security,,Male,,,,,
241062,Security,,Male,,,,,
241063,Security,,Male,,,,,
241064,Security,,Male,,,,,
241065,Security,,Male,,,,,
241066,Security,,Male,,,,,
241067,Security,,Male,,,,,
241068,Security,,Male,,,,,
241069,Security,,Male,,,,,
241070,Security,,Male,,,,,
241071,Security,,Male,,,,,
241072,Security,,Male,,,,,
241073,Security,,Male,,,,,
241074,Security,,Male,,,,,
241075,Security,,Male,,,,,
241076,Security,,Male,,,,,
241077,Security,,Male,,,,,
241078,Security,,Male,,,,,
241079,Security,,Male,,,,,
241080,Security,,Male,,,,,
241081,Security,,Male,,,,,
241082,Security,,Male,,,,,
241083,Security,,Male,,,,,
241084,Security,,Male,,,,,
241085,Security,,Male,,,,,
241086,Security,,Male,,,,,
241087,Security,,Male,,,,,
241088,Security,,Male,,,,,
241089,Security,,Male,,,,,
241090,Security,,Male,,,,,
241091,Security,,Male,,,,,
241092,Security,,Male,,,,,
241093,Security,,Male,,,,,
241094,Security,,Male,,,,,
241095,Security,,Male,,,,,
241096,Security,,Male,,,,,
241097,Security,,Male,,,,,
241098,Security,,Male,,,,,
241099,Security,,Male,,,,,
241100,Security,,Male,,,,,
241101,Security,,Male,,,,,
241102,Security,,Male,,,,,
241103,Security,,Male,,,,,
241104,Security,,Male,,,,,
241105,Security,,Male,,,,,
241106,Security,,Male,,,,,
241107,Security,,Male,,,,,
241108,Security,,Male,,,,,
241109,Security,,Male,,,,,
241110,Security,,Male,,,,,
241111,Security,,Male,,,,,
241112,Security,,Male,,,,,
241113,Security,,Male,,,,,
241114,Security,,Male,,,,,
241115,Security,,Male,,,,,
241116,Security,,Male,,,,,
241117,Security,,Male,,,,,
241118,Security,,Male,,,,,
241119,Security,,Male,,,,,
241120,Security,,Male,,,,,
241121,Security,,Male,,,,,
241122,Security,,Male,,,,,
241123,Security,,Male,,,,,
241124,Security,,Male,,,,,
241125,Security,,Male,,,,,
241126,Security,,Male,,,,,
241127,Security,,Male,,,,,
241128,Security,,Male,,,,,
241129,Security,,Male,,,,,
241130,Security,,Male,,,,,
241131,Security,,Male,,,,,
241132,Security,,Male,,,,,
241133,Security,,Male,,,,,
241134,Security,,Male,,,,,
241135,Security,,Male,,,,,
241136,Security,,Male,,,,,
241137,Security,,Male,,,,,
241138,Security,,Male,,,,,
241139,Security,,Male,,,,,
241140,Security,,Male,,,,,
241141,Security,,Male,,,,,
241142,Security,,Male,,,,,
241143,Security,,Male,,,,,
241144,Security,,Male,,,,,
241145,Security,,Male,,,,,
241146,Security,,Male,,,,,
241147,Security,,Male,,,,,
241148,Security,,Male,,,,,
241149,Security,,Male,,,,,
241150,Security,,Male,,,,,
241151,Security,,Male,,,,,
241152,Security,,Male,,,,,
241153,Security,,Male,,,,,
241154,Security,,Male,,,,,
241155,Security,,Male,,,,,
241156,Security,,Male,,,,,
241157,Security,,Male,,,,,
241158,Security,,Male,,,,,
241159,Security,,Male,,,,,
241160,Security,,Male,,,,,
241161,Security,,Male,,,,,
241162,Security,,Male,,,,,
241163,Security,,Male,,,,,
241164,Security,,Male,,,,,
241165,Security,,Male,,,,,
241166,Security,,Male,,,,,
241167,Security,,Male,,,,,
241168,Security,,Male,,,,,
241169,Security,,Male,,,,,
241170,Security,,Male,,,,,
241171,Security,,Male,,,,,
241172,Security,,Male,,,,,
241173,Security,,Male,,,,,
241174,Security,,Male,,,,,
241175,Security,,Male,,,,,
241176,Security,,Male,,,,,
241177,Security,,Male,,,,,
241178,Security,,Male,,,,,
241179,Security,,Male,,,,,
241180,Security,,Male,,,,,
241181,Security,,Male,,,,,
241182,Security,,Male,,,,,
241183,Security,,Male,,,,,
241184,Security,,Male,,,,,
241185,Security,,Male,,,,,
241186,Security,,Male,,,,,
241187,Security,,Male,,,,,
241188,Security,,Male,,,,,
241189,Security,,Male,,,,,
241190,Security,,Male,,,,,
241191,Security,,Male,,,,,
241192,Security,,Male,,,,,
241193,Security,,Male,,,,,
241194,Security,,Male,,,,,
241195,Security,,Male,,,,,
241196,Security,,Male,,,,,
241197,Security,,Male,,,,,
241198,Security,,Male,,,,,
241199,Security,,Male,,,,,
241200,Security,,Male,,,,,
241201,Security,,Male,,,,,
241202,Security,,Male,,,,,
241203,Security,,Male,,,,,
241204,Security,,Male,,,,,
241205,Security,,Male,,,,,
241206,Security,,Male,,,,,
241207,Security,,Male,,,,,
241208,Security,,Male,,,,,
241209,Security,,Male,,,,,
241210,Security,,Male,,,,,
241211,Security,,Male,,,,,
241212,Security,,Male,,,,,
241213,Security,,Male,,,,,
241214,Security,,Male,,,,,
241215,Security,,Male,,,,,
241216,Security,,Male,,,,,
241217,Security,,Male,,,,,
241218,Security,,Male,,,,,
241219,Security,,Male,,,,,
241220,Security,,Male,,,,,
241221,Security,,Male,,,,,
241222,Security,,Male,,,,,
241223,Security,,Male,,,,,
241224,Security,,Male,,,,,
241225,Security,,Male,,,,,
241226,Security,,Male,,,,,
241227,Security,,Male,,,,,
241228,Security,,Male,,,,,
241229,Security,,Male,,,,,
241230,Security,,Male,,,,,
241231,Security,,Male,,,,,
241232,Security,,Male,,,,,
241233,Security,,Male,,,,,
241234,Security,,Male,,,,,
241235,Security,,Male,,,,,
241236,Security,,Male,,,,,
241237,Security,,Male,,,,,
241238,Security,,Male,,,,,
241239,Security,,Male,,,,,
241240,Security,,Male,,,,,
241241,Security,,Male,,,,,
241242,Security,,Male,,,,,
241243,Security,,Male,,,,,
241244,Security,,Male,,,,,
241245,Security,,Male,,,,,
241246,Security,,Male,,,,,
241247,Security,,Male,,,,,
241248,Security,,Male,,,,,
241249,Security,,Male,,,,,
241250,Security,,Male,,,,,
241251,Security,,Male,,,,,
241252,Security,,Male,,,,,
241253,Security,,Male,,,,,
241254,Security,,Male,,,,,
241255,Security,,Male,,,,,
241256,Security,,Male,,,,,
241257,Security,,Male,,,,,
241258,Security,,Male,,,,,
241259,Security,,Male,,,,,
241260,Security,,Male,,,,,
241261,Security,,Male,,,,,
241262,Security,,Male,,,,,
241263,Security,,Male,,,,,
241264,Security,,Male,,,,,
241265,Security,,Male,,,,,
241266,Security,,Male,,,,,
241267,Security,,Male,,,,,
241268,Security,,Male,,,,,
241269,Security,,Male,,,,,
241270,Security,,Male,,,,,
241271,Security,,Male,,,,,
241272,Security,,Male,,,,,
241273,Security,,Male,,,,,
241274,Security,,Male,,,,,
241275,Security,,Male,,,,,
241276,Security,,Male,,,,,
241277,Security,,Male,,,,,
241278,Security,,Male,,,,,
241279,Security,,Male,,,,,
241280,Security,,Male,,,,,
241281,Security,,Male,,,,,
241282,Security,,Male,,,,,
241283,Security,,Male,,,,,
241284,Security,,Male,,,,,
241285,Security,,Male,,,,,
241286,Security,,Male,,,,,
241287,Security,,Male,,,,,
241288,Security,,Male,,,,,
241289,Security,,Male,,,,,
241290,Security,,Male,,,,,
241291,Security,,Male,,,,,
241292,Security,,Male,,,,,
241293,Security,,Male,,,,,
241294,Security,,Male,,,,,
241295,Security,,Male,,,,,
241296,Security,,Male,,,,,
241297,Security,,Male,,,,,
241298,Security,,Male,,,,,
241299,Security,,Male,,,,,
241300,Security,,Male,,,,,
241301,Security,,Female,,,,,
241302,Security,,Female,,,,,
241303,Security,,Female,,,,,
241304,Security,,Female,,,,,
241305,Security,,Female,,,,,
241306,Security,,Female,,,,,
241307,Security,,Female,,,,,
241308,Security,,Female,,,,,
241309,Security,,Female,,,,,
241310,Security,,Female,,,,,
241311,Security,,Female,,,,,
241312,Security,,Female,,,,,
241313,Security,,Female,,,,,
241314,Security,,Female,,,,,
241315,Security,,Female,,,,,
241316,Security,,Female,,,,,
241317,Security,,Female,,,,,
241318,Security,,Female,,,,,
241319,Security,,Female,,,,,
241320,Security,,Female,,,,,
241321,Security,,Female,,,,,
241322,Security,,Female,,,,,
241323,Security,,Female,,,,,
241324,Security,,Female,,,,,
241325,Security,,Female,,,,,
241326,Security,,Female,,,,,
241327,Security,,Female,,,,,
241328,Security,,Female,,,,,
241329,Security,,Female,,,,,
241330,Security,,Female,,,,,
241331,Security,,Female,,,,,
241332,Security,,Female,,,,,
241333,Security,,Female,,,,,
241334,Security,,Female,,,,,
241335,Security,,Female,,,,,
241336,Security,,Female,,,,,
241337,Security,,Female,,,,,
241338,Security,,Female,,,,,
241339,Security,,Female,,,,,
241340,Security,,Female,,,,,
241341,Security,,Female,,,,,
241342,Security,,Female,,,,,
241343,Security,,Female,,,,,
241344,Security,,Female,,,,,
241345,Security,,Female,,,,,
241346,Security,,Female,,,,,
241347,Security,,Female,,,,,
241348,Security,,Female,,,,,
241349,Security,,Female,,,,,
241350,Security,,Female,,,,,
241351,Security,,Female,,,,,
241352,Security,,Female,,,,,
241353,Security,,Female,,,,,
241354,Security,,Female,,,,,
241355,Security,,Female,,,,,
241356,Security,,Female,,,,,
241357,Security,,Female,,,,,
241358,Security,,Female,,,,,
241359,Security,,Female,,,,,
241360,Security,,Female,,,,,
241361,Security,,Female,,,,,
241362,Security,,Female,,,,,
241363,Security,,Female,,,,,
241364,Security,,Female,,,,,
241365,Security,,Female,,,,,
241366,Security,,Female,,,,,
241367,Security,,Female,,,,,
241368,Security,,Female,,,,,
241369,Security,,Female,,,,,
241370,Security,,Female,,,,,
241371,Security,,Female,,,,,
241372,Security,,Female,,,,,
241373,Security,,Female,,,,,
241374,Security,,Female,,,,,
241375,Security,,Female,,,,,
241376,Security,,Female,,,,,
241377,Security,,Female,,,,,
241378,Security,,Female,,,,,
241379,Security,,Female,,,,,
241380,Security,,Female,,,,,
241381,Security,,Female,,,,,
241382,Security,,Female,,,,,
241383,Security,,Female,,,,,
241384,Security,,Female,,,,,
241385,Security,,Female,,,,,
241386,Security,,Female,,,,,
241387,Security,,Female,,,,,
241388,Security,,Female,,,,,
241389,Security,,Female,,,,,
241390,Security,,Female,,,,,
241391,Security,,Female,,,,,
241392,Security,,Female,,,,,
241393,Security,,Female,,,,,
241394,Security,,Female,,,,,
241395,Security,,Female,,,,,
241396,Security,,Female,,,,,
241397,Security,,Female,,,,,
241398,Security,,Female,,,,,
241399,Security,,Female,,,,,
241400,Security,,Female,,,,,
